country,year,cmr,source
Albania,1960,7.8,Eurostat
Albania,1961,11.3,Eurostat
Albania,1962,7.5,Eurostat
Albania,1963,7.5,Eurostat
Albania,1964,7.2,Eurostat
Albania,1965,7.5,Eurostat
Albania,1966,6.8,Eurostat
Albania,1967,8.6,Eurostat
Albania,1968,7.8,Eurostat
Albania,1969,7.4,Eurostat
Albania,1970,6.8,Eurostat
Albania,1971,7.0,Eurostat
Albania,1972,7.2,Eurostat
Albania,1973,8.0,Eurostat
Albania,1975,7.8,Eurostat
Albania,1976,7.6,Eurostat
Albania,1977,7.9,Eurostat
Albania,1978,8.0,Eurostat
Albania,1979,8.2,Eurostat
Albania,1980,8.1,Eurostat
Albania,1981,8.5,Eurostat
Albania,1982,9.0,Eurostat
Albania,1983,9.0,Eurostat
Albania,1984,9.1,Eurostat
Albania,1985,8.5,Eurostat
Albania,1986,8.5,Eurostat
Albania,1987,8.9,Eurostat
Albania,1988,9.0,Eurostat
Albania,1989,8.6,Eurostat
Albania,1990,8.9,Eurostat
Albania,1991,7.7,Eurostat
Albania,1992,8.3,Eurostat
Albania,1993,8.1,Eurostat
Albania,1994,8.6,Eurostat
Albania,1995,8.3,Eurostat
Albania,1996,8.4,Eurostat
Albania,1997,7.2,Eurostat
Albania,1998,8.3,Eurostat
Albania,1999,8.5,Eurostat
Albania,2000,8.4,Eurostat
Albania,2001,8.4,Eurostat
Albania,2002,8.5,Eurostat
Albania,2003,8.8,Eurostat
Albania,2004,6.7,Eurostat
Albania,2005,6.9,Eurostat
Albania,2006,6.8,Eurostat
Albania,2007,7.1,Eurostat
Albania,2008,6.7,Eurostat
Albania,2013,8.2,Eurostat
Albania,2014,8.2,Eurostat
Albania,2015,8.7,Eurostat
Albania,2016,7.8,Eurostat
Albania,2017,7.9,Eurostat
Andorra,2004,2.9,Eurostat
Andorra,2005,2.9,Eurostat
Andorra,2006,3.7,Eurostat
Andorra,2007,3.1,Eurostat
Andorra,2008,3.1,Eurostat
Andorra,2009,3.1,Eurostat
Andorra,2012,3.7,Eurostat
Argentina,2010,3.0,OECD
Argentina,2011,3.1,OECD
Argentina,2012,3.2,OECD
Argentina,2013,2.9,OECD
Argentina,2014,2.8,OECD
Argentina,2015,2.8,OECD
Argentina,2016,2.7,OECD
Armenia,2004,5.3,Eurostat
Armenia,2005,5.2,Eurostat
Armenia,2006,5.2,Eurostat
Armenia,2007,5.6,Eurostat
Armenia,2008,5.7,Eurostat
Armenia,2009,5.8,Eurostat
Armenia,2010,5.2,Eurostat
Armenia,2011,6.0,Eurostat
Armenia,2015,5.9,Eurostat
Armenia,2016,5.4,Eurostat
Armenia,2017,5.1,Eurostat
Australia,1970,9.3,OECD
Australia,1980,7.4,OECD
Australia,1981,7.6,OECD
Australia,1982,7.7,OECD
Australia,1983,7.5,OECD
Australia,1984,7.0,OECD
Australia,1985,7.3,OECD
Australia,1986,7.2,OECD
Australia,1987,7.0,OECD
Australia,1988,7.1,OECD
Australia,1989,7.0,OECD
Australia,1990,6.9,OECD
Australia,1991,6.6,OECD
Australia,1992,6.6,OECD
Australia,1993,6.4,OECD
Australia,1994,6.2,OECD
Australia,1995,6.1,OECD
Australia,1996,5.8,OECD
Australia,1997,5.8,OECD
Australia,1998,5.9,OECD
Australia,1999,6.0,OECD
Australia,2000,5.9,OECD
Australia,2001,5.3,OECD
Australia,2002,5.4,OECD
Australia,2003,5.3,OECD
Australia,2004,5.5,OECD
Australia,2005,5.4,OECD
Australia,2006,5.5,OECD
Australia,2007,5.5,OECD
Australia,2008,5.5,OECD
Australia,2009,5.5,OECD
Australia,2010,5.4,OECD
Australia,2011,5.4,OECD
Australia,2012,5.4,OECD
Australia,2013,5.1,OECD
Australia,2014,5.2,OECD
Australia,2015,4.8,OECD
Australia,2016,4.9,OECD
Australia,2017,4.6,OECD
Austria,1960,8.3,Eurostat
Austria,1961,8.5,Eurostat
Austria,1962,8.4,Eurostat
Austria,1963,8.1,Eurostat
Austria,1964,8.0,Eurostat
Austria,1965,7.8,Eurostat
Austria,1966,7.6,Eurostat
Austria,1967,7.6,Eurostat
Austria,1968,7.6,Eurostat
Austria,1969,7.3,Eurostat
Austria,1970,7.1,Eurostat
Austria,1971,6.4,Eurostat
Austria,1972,7.6,Eurostat
Austria,1973,6.5,Eurostat
Austria,1974,6.5,Eurostat
Austria,1975,6.1,Eurostat
Austria,1976,6.0,Eurostat
Austria,1977,6.0,Eurostat
Austria,1978,5.9,Eurostat
Austria,1979,6.0,Eurostat
Austria,1980,6.2,Eurostat
Austria,1981,6.3,Eurostat
Austria,1982,6.3,Eurostat
Austria,1983,7.4,Eurostat
Austria,1984,6.1,Eurostat
Austria,1985,5.9,Eurostat
Austria,1986,6.1,Eurostat
Austria,1987,10.1,Eurostat
Austria,1988,4.7,Eurostat
Austria,1989,5.6,Eurostat
Austria,1990,5.9,Eurostat
Austria,1991,5.7,Eurostat
Austria,1992,5.8,Eurostat
Austria,1993,5.7,Eurostat
Austria,1994,5.5,Eurostat
Austria,1995,5.4,Eurostat
Austria,1996,5.3,Eurostat
Austria,1997,5.2,Eurostat
Austria,1998,4.9,Eurostat
Austria,1999,4.9,Eurostat
Austria,2000,4.9,Eurostat
Austria,2001,4.3,Eurostat
Austria,2002,4.5,Eurostat
Austria,2003,4.6,Eurostat
Austria,2004,4.7,Eurostat
Austria,2005,4.8,Eurostat
Austria,2006,4.5,Eurostat
Austria,2007,4.3,Eurostat
Austria,2008,4.2,Eurostat
Austria,2009,4.3,Eurostat
Austria,2010,4.5,Eurostat
Austria,2011,4.3,Eurostat
Austria,2012,4.6,Eurostat
Austria,2013,4.3,Eurostat
Austria,2014,4.4,Eurostat
Austria,2015,5.1,Eurostat
Austria,2016,5.1,Eurostat
Austria,2017,5.1,Eurostat
Azerbaijan,2004,7.5,Eurostat
Azerbaijan,2005,8.5,Eurostat
Azerbaijan,2006,9.4,Eurostat
Azerbaijan,2007,9.5,Eurostat
Azerbaijan,2008,9.1,Eurostat
Azerbaijan,2009,8.7,Eurostat
Azerbaijan,2010,8.7,Eurostat
Azerbaijan,2011,9.6,Eurostat
Azerbaijan,2012,8.5,Eurostat
Azerbaijan,2013,9.2,Eurostat
Azerbaijan,2014,8.9,Eurostat
Azerbaijan,2015,7.1,Eurostat
Azerbaijan,2016,6.8,Eurostat
Azerbaijan,2017,6.4,Eurostat
Belarus,2004,6.1,Eurostat
Belarus,2005,7.5,Eurostat
Belarus,2006,8.1,Eurostat
Belarus,2007,9.3,Eurostat
Belarus,2008,8.0,Eurostat
Belarus,2009,8.2,Eurostat
Belarus,2010,8.1,Eurostat
Belarus,2011,9.2,Eurostat
Belarus,2012,8.1,Eurostat
Belarus,2013,9.2,Eurostat
Belarus,2014,8.9,Eurostat
Belarus,2015,8.6,Eurostat
Belarus,2016,6.8,Eurostat
Belarus,2017,7.0,Eurostat
Belgium,1960,7.1,Eurostat
Belgium,1961,6.8,Eurostat
Belgium,1962,6.7,Eurostat
Belgium,1963,6.7,Eurostat
Belgium,1964,6.9,Eurostat
Belgium,1965,7.0,Eurostat
Belgium,1966,7.2,Eurostat
Belgium,1967,7.1,Eurostat
Belgium,1968,7.2,Eurostat
Belgium,1969,7.5,Eurostat
Belgium,1970,7.6,Eurostat
Belgium,1971,7.6,Eurostat
Belgium,1972,7.7,Eurostat
Belgium,1973,7.6,Eurostat
Belgium,1974,7.5,Eurostat
Belgium,1975,7.3,Eurostat
Belgium,1976,7.2,Eurostat
Belgium,1977,7.0,Eurostat
Belgium,1978,6.8,Eurostat
Belgium,1979,6.6,Eurostat
Belgium,1980,6.7,Eurostat
Belgium,1981,6.5,Eurostat
Belgium,1982,6.3,Eurostat
Belgium,1983,6.1,Eurostat
Belgium,1984,6.0,Eurostat
Belgium,1985,5.8,Eurostat
Belgium,1986,5.8,Eurostat
Belgium,1987,5.7,Eurostat
Belgium,1988,6.0,Eurostat
Belgium,1989,6.4,Eurostat
Belgium,1990,6.5,Eurostat
Belgium,1991,6.1,Eurostat
Belgium,1992,5.8,Eurostat
Belgium,1993,5.4,Eurostat
Belgium,1994,5.1,Eurostat
Belgium,1995,5.1,Eurostat
Belgium,1996,5.0,Eurostat
Belgium,1997,4.7,Eurostat
Belgium,1998,4.4,Eurostat
Belgium,1999,4.3,Eurostat
Belgium,2000,4.4,Eurostat
Belgium,2001,4.1,Eurostat
Belgium,2002,3.9,Eurostat
Belgium,2003,4.0,Eurostat
Belgium,2004,4.2,Eurostat
Belgium,2005,4.1,Eurostat
Belgium,2006,4.2,Eurostat
Belgium,2007,4.3,Eurostat
Belgium,2008,4.3,Eurostat
Belgium,2009,4.0,Eurostat
Belgium,2010,3.9,Eurostat
Belgium,2011,3.7,Eurostat
Belgium,2012,3.8,Eurostat
Belgium,2013,3.4,Eurostat
Belgium,2014,3.6,Eurostat
Belgium,2015,4.0,Eurostat
Belgium,2016,3.9,Eurostat
Belgium,2017,3.9,Eurostat
Bosnia and Herzegovina,1960,10.1,Eurostat
Bosnia and Herzegovina,1961,9.7,Eurostat
Bosnia and Herzegovina,1962,9.1,Eurostat
Bosnia and Herzegovina,1963,8.6,Eurostat
Bosnia and Herzegovina,1964,8.9,Eurostat
Bosnia and Herzegovina,1965,9.3,Eurostat
Bosnia and Herzegovina,1966,8.7,Eurostat
Bosnia and Herzegovina,1967,8.3,Eurostat
Bosnia and Herzegovina,1968,8.2,Eurostat
Bosnia and Herzegovina,1969,8.6,Eurostat
Bosnia and Herzegovina,1970,9.3,Eurostat
Bosnia and Herzegovina,1971,9.4,Eurostat
Bosnia and Herzegovina,1972,9.1,Eurostat
Bosnia and Herzegovina,1973,8.8,Eurostat
Bosnia and Herzegovina,1974,8.9,Eurostat
Bosnia and Herzegovina,1975,9.0,Eurostat
Bosnia and Herzegovina,1976,8.4,Eurostat
Bosnia and Herzegovina,1977,8.6,Eurostat
Bosnia and Herzegovina,1978,8.5,Eurostat
Bosnia and Herzegovina,1979,8.5,Eurostat
Bosnia and Herzegovina,1980,8.5,Eurostat
Bosnia and Herzegovina,1981,8.9,Eurostat
Bosnia and Herzegovina,1982,8.7,Eurostat
Bosnia and Herzegovina,1983,8.8,Eurostat
Bosnia and Herzegovina,1984,8.4,Eurostat
Bosnia and Herzegovina,1985,8.1,Eurostat
Bosnia and Herzegovina,1986,7.9,Eurostat
Bosnia and Herzegovina,1987,7.8,Eurostat
Bosnia and Herzegovina,1988,7.8,Eurostat
Bosnia and Herzegovina,1989,7.7,Eurostat
Bosnia and Herzegovina,1990,6.7,Eurostat
Bosnia and Herzegovina,1991,6.3,Eurostat
Bosnia and Herzegovina,1997,6.4,Eurostat
Bosnia and Herzegovina,1998,6.2,Eurostat
Bosnia and Herzegovina,1999,6.0,Eurostat
Bosnia and Herzegovina,2000,5.6,Eurostat
Bosnia and Herzegovina,2002,5.3,Eurostat
Bosnia and Herzegovina,2003,5.4,Eurostat
Bosnia and Herzegovina,2004,5.6,Eurostat
Bosnia and Herzegovina,2005,5.6,Eurostat
Bosnia and Herzegovina,2006,5.6,Eurostat
Bosnia and Herzegovina,2007,6.1,Eurostat
Bosnia and Herzegovina,2008,5.8,Eurostat
Bosnia and Herzegovina,2009,5.4,Eurostat
Bosnia and Herzegovina,2010,5.1,Eurostat
Bosnia and Herzegovina,2012,4.8,Eurostat
Bulgaria,1960,8.8,Eurostat
Bulgaria,1961,8.4,Eurostat
Bulgaria,1962,8.1,Eurostat
Bulgaria,1963,8.2,Eurostat
Bulgaria,1964,8.1,Eurostat
Bulgaria,1965,8.0,Eurostat
Bulgaria,1966,8.2,Eurostat
Bulgaria,1967,8.7,Eurostat
Bulgaria,1968,8.9,Eurostat
Bulgaria,1969,8.7,Eurostat
Bulgaria,1970,8.6,Eurostat
Bulgaria,1971,8.2,Eurostat
Bulgaria,1972,8.2,Eurostat
Bulgaria,1973,8.6,Eurostat
Bulgaria,1974,8.5,Eurostat
Bulgaria,1975,8.6,Eurostat
Bulgaria,1976,8.4,Eurostat
Bulgaria,1977,8.5,Eurostat
Bulgaria,1978,8.1,Eurostat
Bulgaria,1979,7.9,Eurostat
Bulgaria,1980,7.9,Eurostat
Bulgaria,1981,7.5,Eurostat
Bulgaria,1982,7.5,Eurostat
Bulgaria,1983,7.5,Eurostat
Bulgaria,1984,7.3,Eurostat
Bulgaria,1985,7.4,Eurostat
Bulgaria,1986,7.3,Eurostat
Bulgaria,1987,7.2,Eurostat
Bulgaria,1988,7.0,Eurostat
Bulgaria,1989,7.1,Eurostat
Bulgaria,1990,6.9,Eurostat
Bulgaria,1991,5.7,Eurostat
Bulgaria,1992,5.2,Eurostat
Bulgaria,1993,4.7,Eurostat
Bulgaria,1994,4.5,Eurostat
Bulgaria,1995,4.4,Eurostat
Bulgaria,1996,4.3,Eurostat
Bulgaria,1997,4.2,Eurostat
Bulgaria,1998,4.3,Eurostat
Bulgaria,1999,4.1,Eurostat
Bulgaria,2000,4.3,Eurostat
Bulgaria,2001,4.0,Eurostat
Bulgaria,2002,3.7,Eurostat
Bulgaria,2003,3.9,Eurostat
Bulgaria,2004,4.0,Eurostat
Bulgaria,2005,4.4,Eurostat
Bulgaria,2006,4.3,Eurostat
Bulgaria,2007,3.9,Eurostat
Bulgaria,2008,3.7,Eurostat
Bulgaria,2009,3.5,Eurostat
Bulgaria,2010,3.3,Eurostat
Bulgaria,2011,2.9,Eurostat
Bulgaria,2012,2.9,Eurostat
Bulgaria,2013,3.0,Eurostat
Bulgaria,2014,3.4,Eurostat
Bulgaria,2015,3.9,Eurostat
Bulgaria,2016,3.8,Eurostat
Bulgaria,2017,4.0,Eurostat
Canada,1960,7.3,OECD
Canada,1961,7.0,OECD
Canada,1962,7.0,OECD
Canada,1963,6.9,OECD
Canada,1964,7.2,OECD
Canada,1965,7.4,OECD
Canada,1966,7.8,OECD
Canada,1967,8.1,OECD
Canada,1968,8.3,OECD
Canada,1969,8.7,OECD
Canada,1970,8.8,OECD
Canada,1971,8.9,OECD
Canada,1972,9.2,OECD
Canada,1973,9.0,OECD
Canada,1974,8.9,OECD
Canada,1975,8.7,OECD
Canada,1976,8.4,OECD
Canada,1977,8.0,OECD
Canada,1978,7.9,OECD
Canada,1979,7.8,OECD
Canada,1980,7.8,OECD
Canada,1981,7.7,OECD
Canada,1982,7.5,OECD
Canada,1983,7.3,OECD
Canada,1984,7.2,OECD
Canada,1985,7.1,OECD
Canada,1986,6.7,OECD
Canada,1987,6.9,OECD
Canada,1988,7.0,OECD
Canada,1989,7.0,OECD
Canada,1990,6.8,OECD
Canada,1991,6.1,OECD
Canada,1992,5.8,OECD
Canada,1993,5.6,OECD
Canada,1994,5.5,OECD
Canada,1995,5.5,OECD
Canada,1996,5.3,OECD
Canada,1997,5.1,OECD
Canada,1998,5.1,OECD
Canada,1999,5.1,OECD
Canada,2000,5.1,OECD
Canada,2001,4.7,OECD
Canada,2002,4.7,OECD
Canada,2003,4.7,OECD
Canada,2004,4.6,OECD
Canada,2005,4.6,OECD
Canada,2006,4.6,OECD
Canada,2007,4.5,OECD
Canada,2008,4.4,OECD
Chile,1970,8.1,OECD
Chile,1985,7.5,OECD
Chile,1992,6.6,OECD
Chile,1993,6.7,OECD
Chile,1994,6.5,OECD
Chile,1995,6.1,OECD
Chile,1996,5.8,OECD
Chile,1997,5.3,OECD
Chile,1998,5.0,OECD
Chile,1999,4.6,OECD
Chile,2000,4.4,OECD
Chile,2001,4.1,OECD
Chile,2002,3.9,OECD
Chile,2003,3.6,OECD
Chile,2004,3.3,OECD
Chile,2005,3.3,OECD
Chile,2006,3.5,OECD
Chile,2007,3.5,OECD
Chile,2008,3.3,OECD
Chile,2009,3.3,OECD
Chile,2010,3.5,OECD
Chile,2011,3.8,OECD
Chile,2012,3.7,OECD
Chile,2013,3.5,OECD
Chile,2014,3.6,OECD
Chile,2015,3.4,OECD
Chile,2016,3.4,OECD
China,2010,9.3,OECD
China,2011,9.3,OECD
China,2012,9.6,OECD
Costa Rica,1960,7.2,OECD
Costa Rica,1961,6.7,OECD
Costa Rica,1962,5.8,OECD
Costa Rica,1963,5.8,OECD
Costa Rica,1964,5.5,OECD
Costa Rica,1965,5.7,OECD
Costa Rica,1966,5.6,OECD
Costa Rica,1967,5.5,OECD
Costa Rica,1968,5.8,OECD
Costa Rica,1969,5.8,OECD
Costa Rica,1970,6.3,OECD
Costa Rica,1971,6.3,OECD
Costa Rica,1972,7.0,OECD
Costa Rica,1973,6.8,OECD
Costa Rica,1974,7.3,OECD
Costa Rica,1975,7.3,OECD
Costa Rica,1976,7.2,OECD
Costa Rica,1977,7.3,OECD
Costa Rica,1978,7.6,OECD
Costa Rica,1979,7.6,OECD
Costa Rica,1980,7.6,OECD
Costa Rica,1981,7.0,OECD
Costa Rica,1982,7.6,OECD
Costa Rica,1983,7.7,OECD
Costa Rica,1984,7.9,OECD
Costa Rica,1985,8.0,OECD
Costa Rica,1986,7.7,OECD
Costa Rica,1987,7.8,OECD
Costa Rica,1988,8.0,OECD
Costa Rica,1989,7.8,OECD
Costa Rica,1990,7.5,OECD
Costa Rica,1991,7.2,OECD
Costa Rica,1992,6.6,OECD
Costa Rica,1993,6.3,OECD
Costa Rica,1994,6.5,OECD
Costa Rica,1995,7.1,OECD
Costa Rica,1996,6.7,OECD
Costa Rica,1997,6.7,OECD
Costa Rica,1998,6.7,OECD
Costa Rica,1999,6.8,OECD
Costa Rica,2000,6.3,OECD
Costa Rica,2001,6.0,OECD
Costa Rica,2002,5.9,OECD
Costa Rica,2003,6.0,OECD
Costa Rica,2004,6.1,OECD
Costa Rica,2005,6.1,OECD
Costa Rica,2006,6.2,OECD
Costa Rica,2007,6.0,OECD
Costa Rica,2008,5.7,OECD
Costa Rica,2009,5.4,OECD
Costa Rica,2010,5.3,OECD
Costa Rica,2011,5.4,OECD
Costa Rica,2012,5.6,OECD
Costa Rica,2013,5.5,OECD
Costa Rica,2014,5.4,OECD
Costa Rica,2015,5.5,OECD
Costa Rica,2016,5.5,OECD
Costa Rica,2017,5.2,OECD
Croatia,1960,8.9,Eurostat
Croatia,1961,8.8,Eurostat
Croatia,1962,8.6,Eurostat
Croatia,1963,8.0,Eurostat
Croatia,1964,8.5,Eurostat
Croatia,1965,9.0,Eurostat
Croatia,1966,8.6,Eurostat
Croatia,1967,8.3,Eurostat
Croatia,1968,8.1,Eurostat
Croatia,1969,8.1,Eurostat
Croatia,1970,8.5,Eurostat
Croatia,1971,8.5,Eurostat
Croatia,1972,8.5,Eurostat
Croatia,1973,8.3,Eurostat
Croatia,1974,8.0,Eurostat
Croatia,1975,8.0,Eurostat
Croatia,1976,7.7,Eurostat
Croatia,1977,7.8,Eurostat
Croatia,1978,7.8,Eurostat
Croatia,1979,7.4,Eurostat
Croatia,1980,7.2,Eurostat
Croatia,1981,7.3,Eurostat
Croatia,1982,7.2,Eurostat
Croatia,1983,7.1,Eurostat
Croatia,1984,6.9,Eurostat
Croatia,1985,6.6,Eurostat
Croatia,1986,6.5,Eurostat
Croatia,1987,6.6,Eurostat
Croatia,1988,6.2,Eurostat
Croatia,1989,6.1,Eurostat
Croatia,1990,5.8,Eurostat
Croatia,1991,4.6,Eurostat
Croatia,1992,4.8,Eurostat
Croatia,1993,5.0,Eurostat
Croatia,1994,5.2,Eurostat
Croatia,1995,5.3,Eurostat
Croatia,1996,5.4,Eurostat
Croatia,1997,5.4,Eurostat
Croatia,1998,5.3,Eurostat
Croatia,1999,5.3,Eurostat
Croatia,2000,4.9,Eurostat
Croatia,2001,5.1,Eurostat
Croatia,2002,5.3,Eurostat
Croatia,2003,5.2,Eurostat
Croatia,2004,5.3,Eurostat
Croatia,2005,5.1,Eurostat
Croatia,2006,5.1,Eurostat
Croatia,2007,5.4,Eurostat
Croatia,2008,5.4,Eurostat
Croatia,2009,5.2,Eurostat
Croatia,2010,5.0,Eurostat
Croatia,2011,4.7,Eurostat
Croatia,2012,4.8,Eurostat
Croatia,2013,4.5,Eurostat
Croatia,2014,4.6,Eurostat
Croatia,2015,4.7,Eurostat
Croatia,2016,4.9,Eurostat
Croatia,2017,4.9,Eurostat
Cyprus,1964,4.4,Eurostat
Cyprus,1965,7.6,Eurostat
Cyprus,1966,7.3,Eurostat
Cyprus,1967,8.7,Eurostat
Cyprus,1968,6.1,Eurostat
Cyprus,1969,8.6,Eurostat
Cyprus,1970,8.6,Eurostat
Cyprus,1971,9.6,Eurostat
Cyprus,1972,6.6,Eurostat
Cyprus,1973,8.8,Eurostat
Cyprus,1974,5.4,Eurostat
Cyprus,1975,11.2,Eurostat
Cyprus,1976,7.1,Eurostat
Cyprus,1977,10.1,Eurostat
Cyprus,1978,10.0,Eurostat
Cyprus,1979,12.6,Eurostat
Cyprus,1980,7.7,Eurostat
Cyprus,1981,11.5,Eurostat
Cyprus,1982,10.8,Eurostat
Cyprus,1983,11.7,Eurostat
Cyprus,1984,7.7,Eurostat
Cyprus,1985,10.5,Eurostat
Cyprus,1986,9.4,Eurostat
Cyprus,1987,10.8,Eurostat
Cyprus,1988,7.0,Eurostat
Cyprus,1989,9.9,Eurostat
Cyprus,1990,9.7,Eurostat
Cyprus,1991,10.5,Eurostat
Cyprus,1992,8.0,Eurostat
Cyprus,1993,9.7,Eurostat
Cyprus,1994,9.7,Eurostat
Cyprus,1995,10.2,Eurostat
Cyprus,1996,8.7,Eurostat
Cyprus,1997,10.7,Eurostat
Cyprus,1998,11.4,Eurostat
Cyprus,1999,13.2,Eurostat
Cyprus,2000,13.4,Eurostat
Cyprus,2001,15.1,Eurostat
Cyprus,2002,14.5,Eurostat
Cyprus,2003,7.7,Eurostat
Cyprus,2004,7.3,Eurostat
Cyprus,2005,8.0,Eurostat
Cyprus,2006,7.0,Eurostat
Cyprus,2007,8.3,Eurostat
Cyprus,2008,7.8,Eurostat
Cyprus,2009,7.8,Eurostat
Cyprus,2010,7.3,Eurostat
Cyprus,2011,7.3,Eurostat
Cyprus,2012,6.7,Eurostat
Cyprus,2013,6.4,Eurostat
Cyprus,2014,6.3,Eurostat
Cyprus,2015,7.2,Eurostat
Cyprus,2016,7.5,Eurostat
Cyprus,2017,6.8,Eurostat
Czech Republic,1960,7.7,Eurostat
Czech Republic,1961,7.7,Eurostat
Czech Republic,1962,8.0,Eurostat
Czech Republic,1963,8.3,Eurostat
Czech Republic,1964,8.3,Eurostat
Czech Republic,1965,8.4,Eurostat
Czech Republic,1966,8.6,Eurostat
Czech Republic,1967,8.9,Eurostat
Czech Republic,1968,9.0,Eurostat
Czech Republic,1969,9.1,Eurostat
Czech Republic,1970,9.2,Eurostat
Czech Republic,1971,9.3,Eurostat
Czech Republic,1972,9.7,Eurostat
Czech Republic,1973,10.0,Eurostat
Czech Republic,1974,9.8,Eurostat
Czech Republic,1975,9.7,Eurostat
Czech Republic,1976,9.4,Eurostat
Czech Republic,1977,9.1,Eurostat
Czech Republic,1978,8.8,Eurostat
Czech Republic,1979,8.2,Eurostat
Czech Republic,1980,7.6,Eurostat
Czech Republic,1981,7.5,Eurostat
Czech Republic,1982,7.5,Eurostat
Czech Republic,1983,7.8,Eurostat
Czech Republic,1984,7.9,Eurostat
Czech Republic,1985,7.8,Eurostat
Czech Republic,1986,7.9,Eurostat
Czech Republic,1987,8.1,Eurostat
Czech Republic,1988,7.9,Eurostat
Czech Republic,1989,7.8,Eurostat
Czech Republic,1990,8.8,Eurostat
Czech Republic,1991,7.0,Eurostat
Czech Republic,1992,7.2,Eurostat
Czech Republic,1993,6.4,Eurostat
Czech Republic,1994,5.7,Eurostat
Czech Republic,1995,5.3,Eurostat
Czech Republic,1996,5.2,Eurostat
Czech Republic,1997,5.6,Eurostat
Czech Republic,1998,5.3,Eurostat
Czech Republic,1999,5.2,Eurostat
Czech Republic,2000,5.4,Eurostat
Czech Republic,2001,5.1,Eurostat
Czech Republic,2002,5.2,Eurostat
Czech Republic,2003,4.8,Eurostat
Czech Republic,2004,5.0,Eurostat
Czech Republic,2005,5.1,Eurostat
Czech Republic,2006,5.2,Eurostat
Czech Republic,2007,5.5,Eurostat
Czech Republic,2008,5.1,Eurostat
Czech Republic,2009,4.6,Eurostat
Czech Republic,2010,4.5,Eurostat
Czech Republic,2011,4.3,Eurostat
Czech Republic,2012,4.3,Eurostat
Czech Republic,2013,4.1,Eurostat
Czech Republic,2014,4.3,Eurostat
Czech Republic,2015,4.6,Eurostat
Czech Republic,2016,4.8,Eurostat
Czech Republic,2017,5.0,Eurostat
Denmark,1960,7.8,Eurostat
Denmark,1961,7.9,Eurostat
Denmark,1962,8.1,Eurostat
Denmark,1963,8.2,Eurostat
Denmark,1964,8.4,Eurostat
Denmark,1965,8.8,Eurostat
Denmark,1966,8.6,Eurostat
Denmark,1967,8.5,Eurostat
Denmark,1968,8.1,Eurostat
Denmark,1969,8.0,Eurostat
Denmark,1970,7.4,Eurostat
Denmark,1971,6.6,Eurostat
Denmark,1972,6.2,Eurostat
Denmark,1973,6.1,Eurostat
Denmark,1974,6.6,Eurostat
Denmark,1975,6.3,Eurostat
Denmark,1976,6.1,Eurostat
Denmark,1977,6.3,Eurostat
Denmark,1978,5.6,Eurostat
Denmark,1979,5.4,Eurostat
Denmark,1980,5.2,Eurostat
Denmark,1981,5.0,Eurostat
Denmark,1982,4.8,Eurostat
Denmark,1983,5.3,Eurostat
Denmark,1984,5.6,Eurostat
Denmark,1985,5.7,Eurostat
Denmark,1986,6.0,Eurostat
Denmark,1987,6.1,Eurostat
Denmark,1988,6.3,Eurostat
Denmark,1989,6.0,Eurostat
Denmark,1990,6.1,Eurostat
Denmark,1991,6.0,Eurostat
Denmark,1992,6.2,Eurostat
Denmark,1993,6.1,Eurostat
Denmark,1994,6.8,Eurostat
Denmark,1995,6.6,Eurostat
Denmark,1996,6.8,Eurostat
Denmark,1997,6.5,Eurostat
Denmark,1998,6.5,Eurostat
Denmark,1999,6.7,Eurostat
Denmark,2000,7.2,Eurostat
Denmark,2001,6.8,Eurostat
Denmark,2002,6.9,Eurostat
Denmark,2003,6.5,Eurostat
Denmark,2004,7.0,Eurostat
Denmark,2005,6.7,Eurostat
Denmark,2006,6.7,Eurostat
Denmark,2007,6.7,Eurostat
Denmark,2008,6.8,Eurostat
Denmark,2009,6.0,Eurostat
Denmark,2010,5.6,Eurostat
Denmark,2011,4.9,Eurostat
Denmark,2012,5.1,Eurostat
Denmark,2013,4.9,Eurostat
Denmark,2014,5.0,Eurostat
Denmark,2015,5.1,Eurostat
Denmark,2016,5.4,Eurostat
Denmark,2017,5.5,Eurostat
Estonia,1960,10.0,Eurostat
Estonia,1961,9.7,Eurostat
Estonia,1962,8.9,Eurostat
Estonia,1963,8.7,Eurostat
Estonia,1964,8.5,Eurostat
Estonia,1965,8.2,Eurostat
Estonia,1966,8.6,Eurostat
Estonia,1967,8.8,Eurostat
Estonia,1968,8.9,Eurostat
Estonia,1969,9.1,Eurostat
Estonia,1970,9.1,Eurostat
Estonia,1971,9.1,Eurostat
Estonia,1972,8.5,Eurostat
Estonia,1973,8.7,Eurostat
Estonia,1974,8.7,Eurostat
Estonia,1975,8.7,Eurostat
Estonia,1976,8.6,Eurostat
Estonia,1977,8.7,Eurostat
Estonia,1978,8.6,Eurostat
Estonia,1979,8.7,Eurostat
Estonia,1980,8.8,Eurostat
Estonia,1981,8.6,Eurostat
Estonia,1982,8.2,Eurostat
Estonia,1983,8.6,Eurostat
Estonia,1984,8.3,Eurostat
Estonia,1985,8.4,Eurostat
Estonia,1986,8.4,Eurostat
Estonia,1987,8.7,Eurostat
Estonia,1988,8.3,Eurostat
Estonia,1989,8.1,Eurostat
Estonia,1990,7.5,Eurostat
Estonia,1991,6.6,Eurostat
Estonia,1992,5.8,Eurostat
Estonia,1993,5.2,Eurostat
Estonia,1994,5.0,Eurostat
Estonia,1995,4.9,Eurostat
Estonia,1996,3.9,Eurostat
Estonia,1997,4.0,Eurostat
Estonia,1998,3.9,Eurostat
Estonia,1999,4.0,Eurostat
Estonia,2000,3.9,Eurostat
Estonia,2001,4.1,Eurostat
Estonia,2002,4.2,Eurostat
Estonia,2003,4.2,Eurostat
Estonia,2004,4.4,Eurostat
Estonia,2005,4.5,Eurostat
Estonia,2006,5.2,Eurostat
Estonia,2007,5.2,Eurostat
Estonia,2008,4.6,Eurostat
Estonia,2009,4.0,Eurostat
Estonia,2010,3.8,Eurostat
Estonia,2011,4.1,Eurostat
Estonia,2012,4.5,Eurostat
Estonia,2013,4.3,Eurostat
Estonia,2014,4.7,Eurostat
Estonia,2015,5.2,Eurostat
Estonia,2016,4.8,Eurostat
Estonia,2017,4.9,Eurostat
European Union (28 countries),1964,7.9,Eurostat
European Union (28 countries),1965,7.8,Eurostat
European Union (28 countries),1966,7.8,Eurostat
European Union (28 countries),1967,7.8,Eurostat
European Union (28 countries),1968,7.7,Eurostat
European Union (28 countries),1969,7.8,Eurostat
European Union (28 countries),1970,7.9,Eurostat
European Union (28 countries),1971,7.9,Eurostat
European Union (28 countries),1972,7.9,Eurostat
European Union (28 countries),1973,7.8,Eurostat
European Union (28 countries),1974,7.7,Eurostat
European Union (28 countries),1975,7.7,Eurostat
European Union (28 countries),1976,7.4,Eurostat
European Union (28 countries),1977,7.3,Eurostat
European Union (28 countries),1978,7.1,Eurostat
European Union (28 countries),1979,7.0,Eurostat
European Union (28 countries),1980,6.8,Eurostat
European Union (28 countries),1981,6.6,Eurostat
European Union (28 countries),1982,6.5,Eurostat
European Union (28 countries),1983,6.4,Eurostat
European Union (28 countries),1984,6.3,Eurostat
European Union (28 countries),1985,6.2,Eurostat
European Union (28 countries),1986,6.2,Eurostat
European Union (28 countries),1987,6.3,Eurostat
European Union (28 countries),1988,6.2,Eurostat
European Union (28 countries),1989,6.5,Eurostat
European Union (28 countries),1990,6.3,Eurostat
European Union (28 countries),1991,5.9,Eurostat
European Union (28 countries),1992,5.7,Eurostat
European Union (28 countries),1993,5.5,Eurostat
European Union (28 countries),1994,5.3,Eurostat
European Union (28 countries),1997,5.2,Eurostat
European Union (28 countries),1998,5.1,Eurostat
European Union (28 countries),1999,5.2,Eurostat
European Union (28 countries),2000,5.2,Eurostat
European Union (28 countries),2001,4.9,Eurostat
European Union (28 countries),2002,4.9,Eurostat
European Union (28 countries),2003,4.9,Eurostat
European Union (28 countries),2007,4.9,Eurostat
European Union (28 countries),2008,4.8,Eurostat
European Union (28 countries),2009,4.5,Eurostat
European Union (28 countries),2010,4.4,Eurostat
European Union (28 countries),2011,4.2,Eurostat
European Union (28 countries),2013,4.1,Eurostat
European Union (28 countries),2014,4.2,Eurostat
European Union (28 countries),2015,4.3,Eurostat
European Union (28 countries),2016,4.4,Eurostat
Finland,1960,7.4,Eurostat
Finland,1961,7.7,Eurostat
Finland,1962,7.6,Eurostat
Finland,1963,7.4,Eurostat
Finland,1964,7.6,Eurostat
Finland,1965,7.9,Eurostat
Finland,1966,8.4,Eurostat
Finland,1967,9.0,Eurostat
Finland,1968,8.7,Eurostat
Finland,1969,8.8,Eurostat
Finland,1970,8.8,Eurostat
Finland,1971,8.2,Eurostat
Finland,1972,7.6,Eurostat
Finland,1973,7.5,Eurostat
Finland,1974,7.4,Eurostat
Finland,1975,6.7,Eurostat
Finland,1976,6.8,Eurostat
Finland,1977,6.5,Eurostat
Finland,1978,6.3,Eurostat
Finland,1979,6.1,Eurostat
Finland,1980,6.1,Eurostat
Finland,1981,6.3,Eurostat
Finland,1982,6.3,Eurostat
Finland,1983,6.1,Eurostat
Finland,1984,5.8,Eurostat
Finland,1985,5.3,Eurostat
Finland,1986,5.2,Eurostat
Finland,1987,5.3,Eurostat
Finland,1988,5.2,Eurostat
Finland,1989,4.9,Eurostat
Finland,1990,5.0,Eurostat
Finland,1991,4.9,Eurostat
Finland,1992,4.7,Eurostat
Finland,1993,4.9,Eurostat
Finland,1994,4.9,Eurostat
Finland,1995,4.6,Eurostat
Finland,1997,4.6,Eurostat
Finland,1998,4.7,Eurostat
Finland,1999,4.7,Eurostat
Finland,2000,5.1,Eurostat
Finland,2001,4.8,Eurostat
Finland,2002,5.2,Eurostat
Finland,2003,5.0,Eurostat
Finland,2004,5.6,Eurostat
Finland,2005,5.6,Eurostat
Finland,2006,5.4,Eurostat
Finland,2007,5.6,Eurostat
Finland,2008,5.8,Eurostat
Finland,2009,5.6,Eurostat
Finland,2010,5.6,Eurostat
Finland,2011,5.3,Eurostat
Finland,2012,5.3,Eurostat
Finland,2013,4.6,Eurostat
Finland,2014,4.5,Eurostat
Finland,2015,4.5,Eurostat
Finland,2016,4.5,Eurostat
Finland,2017,4.8,Eurostat
France,1994,4.4,Eurostat
France,1995,4.4,Eurostat
France,1996,4.8,Eurostat
France,1997,4.9,Eurostat
France,1998,4.6,Eurostat
France,1999,4.9,Eurostat
France,2000,5.0,Eurostat
France,2001,4.8,Eurostat
France,2002,4.6,Eurostat
France,2003,4.6,Eurostat
France,2004,4.5,Eurostat
France,2005,4.5,Eurostat
France,2006,4.3,Eurostat
France,2007,4.3,Eurostat
France,2008,4.1,Eurostat
France,2009,3.9,Eurostat
France,2010,3.9,Eurostat
France,2011,3.6,Eurostat
France,2012,3.7,Eurostat
France,2013,3.6,Eurostat
France,2014,3.6,Eurostat
France,2015,3.6,Eurostat
France,2016,3.5,Eurostat
France,2017,3.5,Eurostat
France (metropolitan),1960,7.0,Eurostat
France (metropolitan),1961,6.8,Eurostat
France (metropolitan),1962,6.7,Eurostat
France (metropolitan),1963,7.1,Eurostat
France (metropolitan),1964,7.2,Eurostat
France (metropolitan),1965,7.1,Eurostat
France (metropolitan),1966,6.9,Eurostat
France (metropolitan),1967,7.0,Eurostat
France (metropolitan),1968,7.1,Eurostat
France (metropolitan),1969,7.6,Eurostat
France (metropolitan),1970,7.8,Eurostat
France (metropolitan),1971,7.9,Eurostat
France (metropolitan),1972,8.1,Eurostat
France (metropolitan),1973,7.7,Eurostat
France (metropolitan),1974,7.5,Eurostat
France (metropolitan),1975,7.4,Eurostat
France (metropolitan),1976,7.1,Eurostat
France (metropolitan),1977,6.9,Eurostat
France (metropolitan),1978,6.6,Eurostat
France (metropolitan),1979,6.4,Eurostat
France (metropolitan),1980,6.2,Eurostat
France (metropolitan),1981,5.8,Eurostat
France (metropolitan),1982,5.7,Eurostat
France (metropolitan),1983,5.5,Eurostat
France (metropolitan),1984,5.1,Eurostat
France (metropolitan),1985,4.9,Eurostat
France (metropolitan),1986,4.8,Eurostat
France (metropolitan),1987,4.8,Eurostat
France (metropolitan),1988,4.8,Eurostat
France (metropolitan),1989,5.0,Eurostat
France (metropolitan),1990,5.1,Eurostat
France (metropolitan),1991,4.9,Eurostat
France (metropolitan),1992,4.7,Eurostat
France (metropolitan),1993,4.4,Eurostat
France (metropolitan),1994,4.4,Eurostat
France (metropolitan),1995,4.4,Eurostat
France (metropolitan),1996,4.8,Eurostat
France (metropolitan),1997,4.9,Eurostat
France (metropolitan),1998,4.6,Eurostat
France (metropolitan),1999,4.9,Eurostat
France (metropolitan),2000,5.0,Eurostat
France (metropolitan),2001,4.8,Eurostat
France (metropolitan),2002,4.7,Eurostat
France (metropolitan),2003,4.6,Eurostat
France (metropolitan),2004,4.5,Eurostat
France (metropolitan),2005,4.5,Eurostat
France (metropolitan),2006,4.3,Eurostat
France (metropolitan),2007,4.3,Eurostat
France (metropolitan),2008,4.2,Eurostat
France (metropolitan),2009,3.9,Eurostat
France (metropolitan),2010,3.9,Eurostat
France (metropolitan),2011,3.7,Eurostat
France (metropolitan),2012,3.7,Eurostat
Georgia,2004,3.4,Eurostat
Georgia,2005,4.1,Eurostat
Georgia,2006,5.0,Eurostat
Georgia,2007,5.7,Eurostat
Georgia,2008,7.2,Eurostat
Georgia,2009,7.2,Eurostat
Georgia,2010,7.8,Eurostat
Georgia,2011,6.9,Eurostat
Georgia,2014,7.7,Eurostat
Georgia,2015,7.8,Eurostat
Georgia,2016,6.7,Eurostat
Georgia,2017,6.4,Eurostat
Germany,1960,9.5,Eurostat
Germany,1961,9.5,Eurostat
Germany,1962,9.4,Eurostat
Germany,1963,8.8,Eurostat
Germany,1964,8.5,Eurostat
Germany,1965,8.2,Eurostat
Germany,1966,7.9,Eurostat
Germany,1967,7.8,Eurostat
Germany,1968,7.3,Eurostat
Germany,1969,7.3,Eurostat
Germany,1970,7.4,Eurostat
Germany,1971,7.2,Eurostat
Germany,1972,7.0,Eurostat
Germany,1973,6.7,Eurostat
Germany,1974,6.5,Eurostat
Germany,1975,6.7,Eurostat
Germany,1976,6.5,Eurostat
Germany,1977,6.5,Eurostat
Germany,1978,6.0,Eurostat
Germany,1979,6.2,Eurostat
Germany,1980,6.3,Eurostat
Germany,1981,6.2,Eurostat
Germany,1982,6.2,Eurostat
Germany,1983,6.3,Eurostat
Germany,1984,6.4,Eurostat
Germany,1985,6.4,Eurostat
Germany,1986,6.6,Eurostat
Germany,1987,6.7,Eurostat
Germany,1988,6.8,Eurostat
Germany,1989,6.7,Eurostat
Germany,1990,6.5,Eurostat
Germany,1991,5.7,Eurostat
Germany,1992,5.6,Eurostat
Germany,1993,5.5,Eurostat
Germany,1994,5.4,Eurostat
Germany,1995,5.3,Eurostat
Germany,1996,5.2,Eurostat
Germany,1997,5.2,Eurostat
Germany,1998,5.1,Eurostat
Germany,1999,5.2,Eurostat
Germany,2000,5.1,Eurostat
Germany,2001,4.7,Eurostat
Germany,2002,4.6,Eurostat
Germany,2003,4.6,Eurostat
Germany,2004,4.8,Eurostat
Germany,2005,4.7,Eurostat
Germany,2006,4.5,Eurostat
Germany,2007,4.5,Eurostat
Germany,2008,4.6,Eurostat
Germany,2009,4.6,Eurostat
Germany,2010,4.7,Eurostat
Germany,2011,4.6,Eurostat
Germany,2012,4.8,Eurostat
Germany,2013,4.6,Eurostat
Germany,2014,4.8,Eurostat
Germany,2015,4.9,Eurostat
Germany,2016,5.0,Eurostat
Germany,2017,4.9,Eurostat
Greece,1960,7.0,Eurostat
Greece,1961,8.4,Eurostat
Greece,1962,8.4,Eurostat
Greece,1963,9.2,Eurostat
Greece,1964,8.9,Eurostat
Greece,1965,9.4,Eurostat
Greece,1966,8.3,Eurostat
Greece,1967,9.4,Eurostat
Greece,1968,7.5,Eurostat
Greece,1969,8.3,Eurostat
Greece,1970,7.7,Eurostat
Greece,1971,8.3,Eurostat
Greece,1972,6.8,Eurostat
Greece,1973,8.3,Eurostat
Greece,1974,7.6,Eurostat
Greece,1975,8.5,Eurostat
Greece,1976,6.9,Eurostat
Greece,1977,8.2,Eurostat
Greece,1978,7.7,Eurostat
Greece,1979,8.3,Eurostat
Greece,1980,6.5,Eurostat
Greece,1981,7.3,Eurostat
Greece,1982,6.9,Eurostat
Greece,1983,7.2,Eurostat
Greece,1984,5.5,Eurostat
Greece,1985,6.4,Eurostat
Greece,1986,5.8,Eurostat
Greece,1987,6.6,Eurostat
Greece,1988,4.8,Eurostat
Greece,1989,6.1,Eurostat
Greece,1990,5.8,Eurostat
Greece,1991,6.4,Eurostat
Greece,1992,4.7,Eurostat
Greece,1993,5.9,Eurostat
Greece,1994,5.4,Eurostat
Greece,1995,6.1,Eurostat
Greece,1996,4.3,Eurostat
Greece,1997,5.6,Eurostat
Greece,1998,5.1,Eurostat
Greece,1999,5.6,Eurostat
Greece,2000,4.5,Eurostat
Greece,2001,5.3,Eurostat
Greece,2002,5.3,Eurostat
Greece,2003,5.5,Eurostat
Greece,2004,4.6,Eurostat
Greece,2005,5.5,Eurostat
Greece,2006,5.2,Eurostat
Greece,2007,5.5,Eurostat
Greece,2008,4.8,Eurostat
Greece,2009,5.3,Eurostat
Greece,2010,5.1,Eurostat
Greece,2011,5.0,Eurostat
Greece,2012,4.5,Eurostat
Greece,2013,4.7,Eurostat
Greece,2014,4.9,Eurostat
Greece,2015,5.0,Eurostat
Greece,2016,4.6,Eurostat
Greece,2017,4.7,Eurostat
Hungary,1960,8.9,Eurostat
Hungary,1961,8.3,Eurostat
Hungary,1962,8.1,Eurostat
Hungary,1963,8.4,Eurostat
Hungary,1964,8.7,Eurostat
Hungary,1965,8.8,Eurostat
Hungary,1966,9.2,Eurostat
Hungary,1967,9.4,Eurostat
Hungary,1968,9.3,Eurostat
Hungary,1969,9.3,Eurostat
Hungary,1970,9.3,Eurostat
Hungary,1971,9.1,Eurostat
Hungary,1972,9.4,Eurostat
Hungary,1973,9.7,Eurostat
Hungary,1974,9.5,Eurostat
Hungary,1975,9.8,Eurostat
Hungary,1976,9.5,Eurostat
Hungary,1977,9.1,Eurostat
Hungary,1978,8.7,Eurostat
Hungary,1979,8.1,Eurostat
Hungary,1980,7.5,Eurostat
Hungary,1981,7.2,Eurostat
Hungary,1982,7.1,Eurostat
Hungary,1983,7.1,Eurostat
Hungary,1984,7.0,Eurostat
Hungary,1985,6.9,Eurostat
Hungary,1986,6.8,Eurostat
Hungary,1987,6.2,Eurostat
Hungary,1988,6.2,Eurostat
Hungary,1989,6.4,Eurostat
Hungary,1990,6.4,Eurostat
Hungary,1991,5.9,Eurostat
Hungary,1992,5.5,Eurostat
Hungary,1993,5.2,Eurostat
Hungary,1994,5.2,Eurostat
Hungary,1995,5.2,Eurostat
Hungary,1996,4.7,Eurostat
Hungary,1997,4.6,Eurostat
Hungary,1998,4.4,Eurostat
Hungary,1999,4.4,Eurostat
Hungary,2000,4.7,Eurostat
Hungary,2001,4.3,Eurostat
Hungary,2002,4.5,Eurostat
Hungary,2003,4.5,Eurostat
Hungary,2004,4.3,Eurostat
Hungary,2005,4.4,Eurostat
Hungary,2006,4.4,Eurostat
Hungary,2007,4.1,Eurostat
Hungary,2008,4.0,Eurostat
Hungary,2009,3.7,Eurostat
Hungary,2010,3.6,Eurostat
Hungary,2011,3.6,Eurostat
Hungary,2012,3.6,Eurostat
Hungary,2013,3.7,Eurostat
Hungary,2014,3.9,Eurostat
Hungary,2015,4.7,Eurostat
Hungary,2016,5.3,Eurostat
Hungary,2017,5.2,Eurostat
Iceland,1960,7.5,Eurostat
Iceland,1961,7.5,Eurostat
Iceland,1962,7.4,Eurostat
Iceland,1963,7.8,Eurostat
Iceland,1964,8.3,Eurostat
Iceland,1965,8.1,Eurostat
Iceland,1966,7.9,Eurostat
Iceland,1967,8.6,Eurostat
Iceland,1968,8.4,Eurostat
Iceland,1969,8.5,Eurostat
Iceland,1970,7.8,Eurostat
Iceland,1971,7.9,Eurostat
Iceland,1972,8.1,Eurostat
Iceland,1973,8.3,Eurostat
Iceland,1974,8.8,Eurostat
Iceland,1975,7.7,Eurostat
Iceland,1976,7.5,Eurostat
Iceland,1977,7.1,Eurostat
Iceland,1978,7.1,Eurostat
Iceland,1979,6.4,Eurostat
Iceland,1980,5.7,Eurostat
Iceland,1981,5.9,Eurostat
Iceland,1982,5.6,Eurostat
Iceland,1983,5.9,Eurostat
Iceland,1984,5.9,Eurostat
Iceland,1985,5.2,Eurostat
Iceland,1986,5.1,Eurostat
Iceland,1987,4.7,Eurostat
Iceland,1988,5.2,Eurostat
Iceland,1989,4.7,Eurostat
Iceland,1990,4.5,Eurostat
Iceland,1991,4.8,Eurostat
Iceland,1992,4.8,Eurostat
Iceland,1993,4.6,Eurostat
Iceland,1994,4.9,Eurostat
Iceland,1995,4.6,Eurostat
Iceland,1996,5.0,Eurostat
Iceland,1997,5.5,Eurostat
Iceland,1998,5.6,Eurostat
Iceland,1999,5.6,Eurostat
Iceland,2000,6.3,Eurostat
Iceland,2001,5.2,Eurostat
Iceland,2002,5.6,Eurostat
Iceland,2003,5.1,Eurostat
Iceland,2004,5.0,Eurostat
Iceland,2005,5.4,Eurostat
Iceland,2006,5.5,Eurostat
Iceland,2007,5.5,Eurostat
Iceland,2008,5.2,Eurostat
Iceland,2009,4.6,Eurostat
Iceland,2010,4.9,Eurostat
Iceland,2011,4.6,Eurostat
Ireland,1960,5.5,Eurostat
Ireland,1961,5.4,Eurostat
Ireland,1962,5.5,Eurostat
Ireland,1963,5.5,Eurostat
Ireland,1964,5.6,Eurostat
Ireland,1965,5.9,Eurostat
Ireland,1966,5.8,Eurostat
Ireland,1967,6.1,Eurostat
Ireland,1968,6.5,Eurostat
Ireland,1969,6.9,Eurostat
Ireland,1970,7.0,Eurostat
Ireland,1971,7.4,Eurostat
Ireland,1972,7.3,Eurostat
Ireland,1973,7.4,Eurostat
Ireland,1974,7.3,Eurostat
Ireland,1975,6.7,Eurostat
Ireland,1976,6.4,Eurostat
Ireland,1977,6.1,Eurostat
Ireland,1978,6.4,Eurostat
Ireland,1979,6.2,Eurostat
Ireland,1980,6.4,Eurostat
Ireland,1981,6.0,Eurostat
Ireland,1982,5.8,Eurostat
Ireland,1983,5.5,Eurostat
Ireland,1984,5.2,Eurostat
Ireland,1985,5.3,Eurostat
Ireland,1986,5.2,Eurostat
Ireland,1987,5.2,Eurostat
Ireland,1988,5.2,Eurostat
Ireland,1989,5.2,Eurostat
Ireland,1990,5.1,Eurostat
Ireland,1991,4.9,Eurostat
Ireland,1992,4.7,Eurostat
Ireland,1993,4.7,Eurostat
Ireland,1994,4.6,Eurostat
Ireland,1995,4.3,Eurostat
Ireland,1996,4.4,Eurostat
Ireland,1997,4.3,Eurostat
Ireland,1998,4.5,Eurostat
Ireland,1999,4.9,Eurostat
Ireland,2000,5.0,Eurostat
Ireland,2001,5.0,Eurostat
Ireland,2002,5.2,Eurostat
Ireland,2003,5.1,Eurostat
Ireland,2004,5.2,Eurostat
Ireland,2005,5.1,Eurostat
Ireland,2006,5.2,Eurostat
Ireland,2007,5.2,Eurostat
Ireland,2008,4.9,Eurostat
Ireland,2009,4.8,Eurostat
Ireland,2010,4.5,Eurostat
Ireland,2011,4.3,Eurostat
Ireland,2012,4.5,Eurostat
Ireland,2013,4.5,Eurostat
Ireland,2014,4.7,Eurostat
Ireland,2015,4.7,Eurostat
Ireland,2016,4.8,Eurostat
Ireland,2017,4.6,Eurostat
Israel,1970,8.9,OECD
Israel,1985,6.9,OECD
Israel,1986,7.0,OECD
Israel,1987,6.9,OECD
Israel,1988,7.0,OECD
Israel,1989,7.1,OECD
Israel,1990,6.8,OECD
Israel,1991,6.5,OECD
Israel,1992,6.4,OECD
Israel,1993,6.6,OECD
Israel,1994,6.7,OECD
Israel,1995,6.5,OECD
Israel,1996,6.3,OECD
Israel,1997,6.5,OECD
Israel,1998,6.7,OECD
Israel,1999,6.6,OECD
Israel,2000,6.4,OECD
Israel,2001,6.3,OECD
Israel,2002,6.2,OECD
Israel,2003,6.1,OECD
Israel,2004,5.9,OECD
Israel,2005,5.9,OECD
Israel,2006,6.3,OECD
Israel,2007,6.5,OECD
Israel,2008,6.8,OECD
Israel,2009,6.5,OECD
Israel,2010,6.3,OECD
Israel,2011,6.6,OECD
Israel,2012,6.4,OECD
Israel,2013,6.5,OECD
Israel,2014,6.2,OECD
Israel,2015,6.4,OECD
Israel,2016,6.2,OECD
Italy,1960,7.7,Eurostat
Italy,1961,7.9,Eurostat
Italy,1962,8.0,Eurostat
Italy,1963,8.2,Eurostat
Italy,1964,8.1,Eurostat
Italy,1965,7.7,Eurostat
Italy,1966,7.3,Eurostat
Italy,1967,7.2,Eurostat
Italy,1968,7.0,Eurostat
Italy,1969,7.2,Eurostat
Italy,1970,7.3,Eurostat
Italy,1971,7.5,Eurostat
Italy,1972,7.7,Eurostat
Italy,1973,7.6,Eurostat
Italy,1974,7.3,Eurostat
Italy,1975,6.7,Eurostat
Italy,1976,6.4,Eurostat
Italy,1977,6.2,Eurostat
Italy,1978,5.9,Eurostat
Italy,1979,5.8,Eurostat
Italy,1980,5.7,Eurostat
Italy,1981,5.6,Eurostat
Italy,1982,5.5,Eurostat
Italy,1983,5.4,Eurostat
Italy,1984,5.3,Eurostat
Italy,1985,5.3,Eurostat
Italy,1986,5.3,Eurostat
Italy,1987,5.4,Eurostat
Italy,1988,5.6,Eurostat
Italy,1989,5.7,Eurostat
Italy,1990,5.6,Eurostat
Italy,1991,5.5,Eurostat
Italy,1992,5.5,Eurostat
Italy,1993,5.3,Eurostat
Italy,1994,5.1,Eurostat
Italy,1995,5.1,Eurostat
Italy,1996,4.9,Eurostat
Italy,1997,4.9,Eurostat
Italy,1998,4.9,Eurostat
Italy,1999,4.9,Eurostat
Italy,2000,5.0,Eurostat
Italy,2001,4.6,Eurostat
Italy,2002,4.7,Eurostat
Italy,2003,4.6,Eurostat
Italy,2004,4.3,Eurostat
Italy,2005,4.3,Eurostat
Italy,2006,4.2,Eurostat
Italy,2007,4.3,Eurostat
Italy,2008,4.2,Eurostat
Italy,2009,3.9,Eurostat
Italy,2010,3.7,Eurostat
Italy,2011,3.4,Eurostat
Italy,2012,3.5,Eurostat
Italy,2013,3.2,Eurostat
Italy,2014,3.1,Eurostat
Italy,2015,3.2,Eurostat
Italy,2016,3.4,Eurostat
Italy,2017,3.2,Eurostat
Japan,1960,9.3,OECD
Japan,1963,9.7,OECD
Japan,1964,9.9,OECD
Japan,1965,9.7,OECD
Japan,1966,9.5,OECD
Japan,1967,9.6,OECD
Japan,1968,9.5,OECD
Japan,1969,9.6,OECD
Japan,1970,10.0,OECD
Japan,1971,10.5,OECD
Japan,1972,10.4,OECD
Japan,1973,9.9,OECD
Japan,1974,9.1,OECD
Japan,1975,8.5,OECD
Japan,1976,7.8,OECD
Japan,1977,7.2,OECD
Japan,1978,6.9,OECD
Japan,1979,6.8,OECD
Japan,1980,6.7,OECD
Japan,1981,6.6,OECD
Japan,1982,6.6,OECD
Japan,1983,6.4,OECD
Japan,1984,6.2,OECD
Japan,1985,6.1,OECD
Japan,1986,5.9,OECD
Japan,1987,5.7,OECD
Japan,1988,5.8,OECD
Japan,1989,5.8,OECD
Japan,1990,5.9,OECD
Japan,1991,6.0,OECD
Japan,1992,6.1,OECD
Japan,1993,6.4,OECD
Japan,1994,6.3,OECD
Japan,1995,6.4,OECD
Japan,1996,6.4,OECD
Japan,1997,6.2,OECD
Japan,1998,6.3,OECD
Japan,1999,6.1,OECD
Japan,2000,6.4,OECD
Japan,2001,6.4,OECD
Japan,2002,6.0,OECD
Japan,2003,5.9,OECD
Japan,2004,5.7,OECD
Japan,2005,5.7,OECD
Japan,2006,5.8,OECD
Japan,2007,5.7,OECD
Japan,2008,5.8,OECD
Japan,2009,5.6,OECD
Japan,2010,5.5,OECD
Japan,2011,5.2,OECD
Japan,2012,5.3,OECD
Japan,2013,5.3,OECD
Japan,2014,5.1,OECD
Japan,2015,5.1,OECD
Japan,2016,5.0,OECD
Japan,2017,4.9,OECD
Kosovo,2003,8.5,Eurostat
Kosovo,2004,8.4,Eurostat
Kosovo,2005,7.6,Eurostat
Kosovo,2006,7.5,Eurostat
Kosovo,2007,7.9,Eurostat
Kosovo,2008,8.3,Eurostat
Kosovo,2009,8.9,Eurostat
Kosovo,2011,9.3,Eurostat
Kosovo,2012,9.5,Eurostat
Kosovo,2015,9.1,Eurostat
Kosovo,2016,9.0,Eurostat
Kosovo,2017,9.6,Eurostat
Latvia,1960,11.0,Eurostat
Latvia,1961,10.5,Eurostat
Latvia,1962,10.0,Eurostat
Latvia,1963,9.5,Eurostat
Latvia,1964,8.6,Eurostat
Latvia,1965,8.8,Eurostat
Latvia,1966,9.8,Eurostat
Latvia,1967,9.9,Eurostat
Latvia,1968,10.2,Eurostat
Latvia,1969,10.0,Eurostat
Latvia,1970,10.2,Eurostat
Latvia,1971,10.0,Eurostat
Latvia,1972,9.4,Eurostat
Latvia,1973,9.8,Eurostat
Latvia,1974,10.0,Eurostat
Latvia,1975,10.0,Eurostat
Latvia,1976,9.6,Eurostat
Latvia,1977,10.0,Eurostat
Latvia,1978,10.2,Eurostat
Latvia,1979,10.0,Eurostat
Latvia,1980,9.8,Eurostat
Latvia,1981,9.8,Eurostat
Latvia,1982,9.7,Eurostat
Latvia,1983,9.5,Eurostat
Latvia,1984,9.2,Eurostat
Latvia,1985,9.3,Eurostat
Latvia,1986,9.7,Eurostat
Latvia,1987,9.7,Eurostat
Latvia,1988,9.5,Eurostat
Latvia,1989,9.2,Eurostat
Latvia,1990,8.9,Eurostat
Latvia,1991,8.4,Eurostat
Latvia,1992,7.2,Eurostat
Latvia,1993,5.7,Eurostat
Latvia,1994,4.6,Eurostat
Latvia,1995,4.5,Eurostat
Latvia,1996,3.9,Eurostat
Latvia,1997,4.0,Eurostat
Latvia,1998,4.0,Eurostat
Latvia,1999,3.9,Eurostat
Latvia,2000,3.9,Eurostat
Latvia,2001,4.0,Eurostat
Latvia,2002,4.2,Eurostat
Latvia,2003,4.4,Eurostat
Latvia,2004,4.6,Eurostat
Latvia,2005,5.6,Eurostat
Latvia,2006,6.6,Eurostat
Latvia,2007,7.0,Eurostat
Latvia,2008,5.9,Eurostat
Latvia,2009,4.6,Eurostat
Latvia,2010,4.4,Eurostat
Latvia,2011,5.2,Eurostat
Latvia,2012,5.5,Eurostat
Latvia,2013,5.7,Eurostat
Latvia,2014,6.3,Eurostat
Latvia,2015,6.9,Eurostat
Latvia,2016,6.6,Eurostat
Latvia,2017,6.8,Eurostat
Liechtenstein,1960,5.7,Eurostat
Liechtenstein,1961,7.2,Eurostat
Liechtenstein,1962,6.7,Eurostat
Liechtenstein,1963,5.7,Eurostat
Liechtenstein,1964,7.6,Eurostat
Liechtenstein,1965,6.9,Eurostat
Liechtenstein,1966,6.0,Eurostat
Liechtenstein,1967,7.0,Eurostat
Liechtenstein,1968,7.4,Eurostat
Liechtenstein,1969,7.5,Eurostat
Liechtenstein,1970,5.9,Eurostat
Liechtenstein,1971,7.3,Eurostat
Liechtenstein,1972,6.8,Eurostat
Liechtenstein,1973,5.5,Eurostat
Liechtenstein,1974,5.7,Eurostat
Liechtenstein,1975,6.8,Eurostat
Liechtenstein,1976,6.9,Eurostat
Liechtenstein,1977,6.0,Eurostat
Liechtenstein,1978,6.0,Eurostat
Liechtenstein,1979,6.1,Eurostat
Liechtenstein,1980,7.1,Eurostat
Liechtenstein,1981,6.5,Eurostat
Liechtenstein,1982,6.4,Eurostat
Liechtenstein,1983,7.0,Eurostat
Liechtenstein,1984,7.3,Eurostat
Liechtenstein,1985,6.5,Eurostat
Liechtenstein,1986,5.4,Eurostat
Liechtenstein,1987,6.0,Eurostat
Liechtenstein,1988,6.4,Eurostat
Liechtenstein,1989,5.7,Eurostat
Liechtenstein,1990,5.6,Eurostat
Liechtenstein,1991,6.3,Eurostat
Liechtenstein,1992,14.2,Eurostat
Liechtenstein,1993,7.5,Eurostat
Liechtenstein,1994,13.0,Eurostat
Liechtenstein,1995,13.2,Eurostat
Liechtenstein,1996,14.1,Eurostat
Liechtenstein,1997,12.6,Eurostat
Liechtenstein,1999,7.0,Eurostat
Liechtenstein,2000,7.2,Eurostat
Liechtenstein,2001,6.0,Eurostat
Liechtenstein,2002,5.1,Eurostat
Liechtenstein,2003,4.4,Eurostat
Liechtenstein,2004,4.8,Eurostat
Liechtenstein,2005,5.4,Eurostat
Liechtenstein,2006,4.3,Eurostat
Liechtenstein,2007,5.2,Eurostat
Liechtenstein,2008,5.8,Eurostat
Liechtenstein,2009,4.3,Eurostat
Liechtenstein,2010,5.0,Eurostat
Liechtenstein,2011,4.5,Eurostat
Liechtenstein,2012,5.0,Eurostat
Lithuania,1960,10.1,Eurostat
Lithuania,1961,9.9,Eurostat
Lithuania,1962,9.3,Eurostat
Lithuania,1963,8.7,Eurostat
Lithuania,1964,8.6,Eurostat
Lithuania,1965,8.4,Eurostat
Lithuania,1966,9.2,Eurostat
Lithuania,1967,9.2,Eurostat
Lithuania,1968,9.5,Eurostat
Lithuania,1969,9.7,Eurostat
Lithuania,1970,9.5,Eurostat
Lithuania,1971,9.2,Eurostat
Lithuania,1972,8.8,Eurostat
Lithuania,1973,8.8,Eurostat
Lithuania,1974,8.8,Eurostat
Lithuania,1975,9.0,Eurostat
Lithuania,1976,9.0,Eurostat
Lithuania,1977,9.2,Eurostat
Lithuania,1978,9.1,Eurostat
Lithuania,1979,9.4,Eurostat
Lithuania,1980,9.2,Eurostat
Lithuania,1981,9.1,Eurostat
Lithuania,1982,9.4,Eurostat
Lithuania,1983,9.6,Eurostat
Lithuania,1984,9.7,Eurostat
Lithuania,1985,9.7,Eurostat
Lithuania,1986,9.9,Eurostat
Lithuania,1987,9.7,Eurostat
Lithuania,1988,9.6,Eurostat
Lithuania,1989,9.4,Eurostat
Lithuania,1990,9.8,Eurostat
Lithuania,1991,9.2,Eurostat
Lithuania,1992,8.1,Eurostat
Lithuania,1993,6.4,Eurostat
Lithuania,1994,6.4,Eurostat
Lithuania,1995,6.1,Eurostat
Lithuania,1996,5.7,Eurostat
Lithuania,1997,5.3,Eurostat
Lithuania,1998,5.2,Eurostat
Lithuania,1999,5.1,Eurostat
Lithuania,2000,4.8,Eurostat
Lithuania,2001,4.5,Eurostat
Lithuania,2002,4.7,Eurostat
Lithuania,2003,5.0,Eurostat
Lithuania,2004,5.7,Eurostat
Lithuania,2005,6.0,Eurostat
Lithuania,2006,6.5,Eurostat
Lithuania,2007,7.1,Eurostat
Lithuania,2008,7.5,Eurostat
Lithuania,2009,6.5,Eurostat
Lithuania,2010,6.0,Eurostat
Lithuania,2011,6.3,Eurostat
Lithuania,2012,6.9,Eurostat
Lithuania,2013,6.9,Eurostat
Lithuania,2014,7.6,Eurostat
Lithuania,2015,7.6,Eurostat
Lithuania,2016,7.4,Eurostat
Lithuania,2017,7.5,Eurostat
Luxembourg,1960,7.1,Eurostat
Luxembourg,1961,7.0,Eurostat
Luxembourg,1962,6.7,Eurostat
Luxembourg,1963,6.6,Eurostat
Luxembourg,1964,6.6,Eurostat
Luxembourg,1965,6.6,Eurostat
Luxembourg,1966,6.6,Eurostat
Luxembourg,1967,6.4,Eurostat
Luxembourg,1968,6.5,Eurostat
Luxembourg,1969,6.6,Eurostat
Luxembourg,1970,6.4,Eurostat
Luxembourg,1971,6.5,Eurostat
Luxembourg,1972,6.6,Eurostat
Luxembourg,1973,5.9,Eurostat
Luxembourg,1974,6.2,Eurostat
Luxembourg,1975,6.8,Eurostat
Luxembourg,1976,6.2,Eurostat
Luxembourg,1977,6.2,Eurostat
Luxembourg,1978,5.9,Eurostat
Luxembourg,1979,5.7,Eurostat
Luxembourg,1980,5.9,Eurostat
Luxembourg,1981,5.4,Eurostat
Luxembourg,1982,5.7,Eurostat
Luxembourg,1983,5.4,Eurostat
Luxembourg,1984,5.4,Eurostat
Luxembourg,1985,5.4,Eurostat
Luxembourg,1986,5.1,Eurostat
Luxembourg,1987,5.3,Eurostat
Luxembourg,1988,5.6,Eurostat
Luxembourg,1989,5.8,Eurostat
Luxembourg,1990,6.1,Eurostat
Luxembourg,1991,6.7,Eurostat
Luxembourg,1992,6.4,Eurostat
Luxembourg,1993,6.0,Eurostat
Luxembourg,1994,5.8,Eurostat
Luxembourg,1995,5.1,Eurostat
Luxembourg,1996,5.1,Eurostat
Luxembourg,1997,4.8,Eurostat
Luxembourg,1998,4.8,Eurostat
Luxembourg,1999,4.9,Eurostat
Luxembourg,2000,4.9,Eurostat
Luxembourg,2001,4.5,Eurostat
Luxembourg,2002,4.5,Eurostat
Luxembourg,2003,4.4,Eurostat
Luxembourg,2004,4.4,Eurostat
Luxembourg,2005,4.4,Eurostat
Luxembourg,2006,4.1,Eurostat
Luxembourg,2007,4.1,Eurostat
Luxembourg,2008,3.9,Eurostat
Luxembourg,2009,3.5,Eurostat
Luxembourg,2010,3.5,Eurostat
Luxembourg,2011,3.3,Eurostat
Luxembourg,2012,3.4,Eurostat
Luxembourg,2013,3.2,Eurostat
Luxembourg,2014,3.0,Eurostat
Luxembourg,2015,3.6,Eurostat
Luxembourg,2016,3.2,Eurostat
Luxembourg,2017,3.2,Eurostat
Macedonia,1960,8.6,Eurostat
Macedonia,1961,8.4,Eurostat
Macedonia,1962,8.4,Eurostat
Macedonia,1963,8.2,Eurostat
Macedonia,1964,9.1,Eurostat
Macedonia,1965,9.0,Eurostat
Macedonia,1966,8.5,Eurostat
Macedonia,1967,8.5,Eurostat
Macedonia,1968,8.6,Eurostat
Macedonia,1969,9.0,Eurostat
Macedonia,1970,9.0,Eurostat
Macedonia,1971,8.9,Eurostat
Macedonia,1972,8.9,Eurostat
Macedonia,1973,8.9,Eurostat
Macedonia,1974,8.7,Eurostat
Macedonia,1975,8.9,Eurostat
Macedonia,1976,8.4,Eurostat
Macedonia,1977,8.6,Eurostat
Macedonia,1978,8.6,Eurostat
Macedonia,1979,8.7,Eurostat
Macedonia,1980,8.5,Eurostat
Macedonia,1981,8.5,Eurostat
Macedonia,1982,8.6,Eurostat
Macedonia,1983,8.3,Eurostat
Macedonia,1984,8.1,Eurostat
Macedonia,1985,8.1,Eurostat
Macedonia,1986,8.0,Eurostat
Macedonia,1987,8.1,Eurostat
Macedonia,1988,7.8,Eurostat
Macedonia,1989,8.0,Eurostat
Macedonia,1990,8.3,Eurostat
Macedonia,1991,8.1,Eurostat
Macedonia,1992,7.7,Eurostat
Macedonia,1993,7.5,Eurostat
Macedonia,1994,8.1,Eurostat
Macedonia,1995,8.1,Eurostat
Macedonia,1996,7.1,Eurostat
Macedonia,1997,7.0,Eurostat
Macedonia,1998,7.0,Eurostat
Macedonia,1999,7.0,Eurostat
Macedonia,2000,7.0,Eurostat
Macedonia,2001,6.5,Eurostat
Macedonia,2002,7.1,Eurostat
Macedonia,2003,7.1,Eurostat
Macedonia,2004,6.9,Eurostat
Macedonia,2005,7.1,Eurostat
Macedonia,2006,7.3,Eurostat
Macedonia,2007,7.6,Eurostat
Macedonia,2008,7.2,Eurostat
Macedonia,2009,7.3,Eurostat
Macedonia,2010,6.9,Eurostat
Macedonia,2011,7.2,Eurostat
Macedonia,2012,6.8,Eurostat
Macedonia,2013,6.8,Eurostat
Macedonia,2014,6.7,Eurostat
Macedonia,2015,6.8,Eurostat
Macedonia,2016,6.4,Eurostat
Macedonia,2017,6.6,Eurostat
Malta,1960,6.0,Eurostat
Malta,1961,6.0,Eurostat
Malta,1962,5.8,Eurostat
Malta,1963,6.3,Eurostat
Malta,1964,6.4,Eurostat
Malta,1965,6.2,Eurostat
Malta,1966,6.2,Eurostat
Malta,1967,6.5,Eurostat
Malta,1968,7.0,Eurostat
Malta,1969,7.2,Eurostat
Malta,1970,7.9,Eurostat
Malta,1971,8.9,Eurostat
Malta,1972,9.7,Eurostat
Malta,1973,11.0,Eurostat
Malta,1974,11.6,Eurostat
Malta,1975,9.2,Eurostat
Malta,1976,9.6,Eurostat
Malta,1977,9.9,Eurostat
Malta,1978,9.2,Eurostat
Malta,1979,8.6,Eurostat
Malta,1980,8.8,Eurostat
Malta,1981,9.0,Eurostat
Malta,1982,8.6,Eurostat
Malta,1983,8.4,Eurostat
Malta,1984,8.0,Eurostat
Malta,1985,7.6,Eurostat
Malta,1986,7.7,Eurostat
Malta,1987,7.1,Eurostat
Malta,1988,7.3,Eurostat
Malta,1989,7.1,Eurostat
Malta,1990,7.1,Eurostat
Malta,1991,7.1,Eurostat
Malta,1992,6.6,Eurostat
Malta,1993,6.8,Eurostat
Malta,1994,6.7,Eurostat
Malta,1995,6.1,Eurostat
Malta,1996,6.2,Eurostat
Malta,1997,6.4,Eurostat
Malta,1998,6.5,Eurostat
Malta,1999,6.4,Eurostat
Malta,2000,6.7,Eurostat
Malta,2001,5.6,Eurostat
Malta,2002,5.7,Eurostat
Malta,2003,5.9,Eurostat
Malta,2004,6.0,Eurostat
Malta,2005,5.9,Eurostat
Malta,2006,6.3,Eurostat
Malta,2007,6.1,Eurostat
Malta,2008,6.1,Eurostat
Malta,2009,5.7,Eurostat
Malta,2010,6.3,Eurostat
Malta,2011,6.2,Eurostat
Malta,2012,6.7,Eurostat
Malta,2013,6.1,Eurostat
Malta,2014,6.6,Eurostat
Malta,2015,6.7,Eurostat
Malta,2016,6.7,Eurostat
Malta,2017,6.3,Eurostat
Mexico,1970,7.0,OECD
Mexico,1980,7.1,OECD
Mexico,1985,7.4,OECD
Mexico,1990,7.4,OECD
Mexico,1991,7.4,OECD
Mexico,1992,7.4,OECD
Mexico,1993,7.2,OECD
Mexico,1994,7.2,OECD
Mexico,1995,7.0,OECD
Mexico,1996,7.0,OECD
Mexico,1997,7.3,OECD
Mexico,1998,7.2,OECD
Mexico,1999,7.5,OECD
Mexico,2000,7.0,OECD
Mexico,2001,6.5,OECD
Mexico,2002,6.0,OECD
Mexico,2003,5.6,OECD
Mexico,2004,5.7,OECD
Mexico,2005,5.6,OECD
Mexico,2006,5.4,OECD
Mexico,2007,5.4,OECD
Mexico,2008,5.3,OECD
Mexico,2009,5.0,OECD
Mexico,2010,5.0,OECD
Mexico,2011,4.9,OECD
Mexico,2012,5.0,OECD
Mexico,2013,4.9,OECD
Mexico,2014,4.8,OECD
Mexico,2015,4.6,OECD
Mexico,2016,4.4,OECD
Mexico,2017,4.3,OECD
Moldova,2004,7.0,Eurostat
Moldova,2005,7.6,Eurostat
Moldova,2006,7.6,Eurostat
Moldova,2007,8.2,Eurostat
Moldova,2008,7.5,Eurostat
Moldova,2009,7.5,Eurostat
Moldova,2010,7.4,Eurostat
Moldova,2011,7.3,Eurostat
Moldova,2012,6.8,Eurostat
Moldova,2013,6.9,Eurostat
Moldova,2014,7.2,Eurostat
Monaco,2004,5.2,Eurostat
Montenegro,2005,5.4,Eurostat
Montenegro,2006,5.6,Eurostat
Montenegro,2007,6.5,Eurostat
Montenegro,2008,5.6,Eurostat
Montenegro,2009,6.1,Eurostat
Montenegro,2010,5.9,Eurostat
Montenegro,2012,5.3,Eurostat
Montenegro,2013,6.2,Eurostat
Montenegro,2014,5.7,Eurostat
Montenegro,2015,6.2,Eurostat
Montenegro,2016,5.1,Eurostat
Montenegro,2017,5.3,Eurostat
Netherlands,1960,7.7,Eurostat
Netherlands,1961,7.9,Eurostat
Netherlands,1962,7.9,Eurostat
Netherlands,1963,7.9,Eurostat
Netherlands,1964,8.5,Eurostat
Netherlands,1965,8.8,Eurostat
Netherlands,1966,9.0,Eurostat
Netherlands,1967,9.1,Eurostat
Netherlands,1968,9.2,Eurostat
Netherlands,1969,9.1,Eurostat
Netherlands,1970,9.5,Eurostat
Netherlands,1971,9.3,Eurostat
Netherlands,1972,8.8,Eurostat
Netherlands,1973,8.0,Eurostat
Netherlands,1974,8.1,Eurostat
Netherlands,1975,7.3,Eurostat
Netherlands,1976,7.0,Eurostat
Netherlands,1977,6.7,Eurostat
Netherlands,1978,6.4,Eurostat
Netherlands,1979,6.1,Eurostat
Netherlands,1980,6.4,Eurostat
Netherlands,1981,6.0,Eurostat
Netherlands,1982,5.8,Eurostat
Netherlands,1983,5.4,Eurostat
Netherlands,1984,5.6,Eurostat
Netherlands,1985,5.7,Eurostat
Netherlands,1986,6.0,Eurostat
Netherlands,1987,6.0,Eurostat
Netherlands,1988,6.0,Eurostat
Netherlands,1989,6.2,Eurostat
Netherlands,1990,6.5,Eurostat
Netherlands,1991,6.4,Eurostat
Netherlands,1992,6.2,Eurostat
Netherlands,1993,5.8,Eurostat
Netherlands,1994,5.4,Eurostat
Netherlands,1995,5.3,Eurostat
Netherlands,1996,5.5,Eurostat
Netherlands,1997,5.4,Eurostat
Netherlands,1998,5.5,Eurostat
Netherlands,1999,5.7,Eurostat
Netherlands,2000,5.5,Eurostat
Netherlands,2001,5.0,Eurostat
Netherlands,2002,5.2,Eurostat
Netherlands,2003,4.9,Eurostat
Netherlands,2004,4.4,Eurostat
Netherlands,2005,4.4,Eurostat
Netherlands,2006,4.4,Eurostat
Netherlands,2007,4.3,Eurostat
Netherlands,2008,4.5,Eurostat
Netherlands,2009,4.4,Eurostat
Netherlands,2010,4.5,Eurostat
Netherlands,2011,4.3,Eurostat
Netherlands,2012,4.2,Eurostat
Netherlands,2013,3.8,Eurostat
Netherlands,2014,3.9,Eurostat
Netherlands,2015,3.8,Eurostat
Netherlands,2016,3.8,Eurostat
Netherlands,2017,3.8,Eurostat
New Zealand,1960,8.0,OECD
New Zealand,1961,8.0,OECD
New Zealand,1962,7.9,OECD
New Zealand,1963,7.8,OECD
New Zealand,1964,8.0,OECD
New Zealand,1965,8.2,OECD
New Zealand,1966,8.6,OECD
New Zealand,1967,8.6,OECD
New Zealand,1968,8.7,OECD
New Zealand,1969,9.0,OECD
New Zealand,1970,9.2,OECD
New Zealand,1971,9.5,OECD
New Zealand,1972,9.2,OECD
New Zealand,1973,8.8,OECD
New Zealand,1974,8.4,OECD
New Zealand,1975,7.9,OECD
New Zealand,1976,7.7,OECD
New Zealand,1977,7.2,OECD
New Zealand,1978,7.1,OECD
New Zealand,1979,7.1,OECD
New Zealand,1980,7.3,OECD
New Zealand,1981,7.5,OECD
New Zealand,1982,8.0,OECD
New Zealand,1983,7.7,OECD
New Zealand,1984,7.8,OECD
New Zealand,1985,7.5,OECD
New Zealand,1986,7.3,OECD
New Zealand,1987,7.4,OECD
New Zealand,1988,7.1,OECD
New Zealand,1989,6.8,OECD
New Zealand,1990,6.9,OECD
New Zealand,1991,6.3,OECD
New Zealand,1992,5.9,OECD
New Zealand,1993,5.8,OECD
New Zealand,1994,5.7,OECD
New Zealand,1995,5.6,OECD
New Zealand,1996,5.5,OECD
New Zealand,1997,5.3,OECD
New Zealand,1998,5.3,OECD
New Zealand,1999,5.5,OECD
New Zealand,2000,5.4,OECD
New Zealand,2001,5.1,OECD
New Zealand,2002,5.2,OECD
New Zealand,2003,5.3,OECD
New Zealand,2004,5.1,OECD
New Zealand,2005,5.0,OECD
New Zealand,2006,5.2,OECD
New Zealand,2007,5.2,OECD
New Zealand,2008,5.2,OECD
New Zealand,2009,5.1,OECD
New Zealand,2010,4.9,OECD
New Zealand,2011,4.7,OECD
New Zealand,2012,4.7,OECD
New Zealand,2013,4.4,OECD
New Zealand,2014,4.4,OECD
New Zealand,2015,4.3,OECD
New Zealand,2016,4.3,OECD
New Zealand,2017,4.3,OECD
Norway,1960,6.6,Eurostat
Norway,1961,6.7,Eurostat
Norway,1962,6.6,Eurostat
Norway,1963,6.6,Eurostat
Norway,1964,6.8,Eurostat
Norway,1965,6.5,Eurostat
Norway,1966,7.4,Eurostat
Norway,1967,7.7,Eurostat
Norway,1968,7.7,Eurostat
Norway,1969,7.7,Eurostat
Norway,1970,7.6,Eurostat
Norway,1971,7.6,Eurostat
Norway,1972,7.3,Eurostat
Norway,1973,7.1,Eurostat
Norway,1974,6.9,Eurostat
Norway,1975,6.5,Eurostat
Norway,1976,6.3,Eurostat
Norway,1977,5.9,Eurostat
Norway,1978,5.8,Eurostat
Norway,1979,5.7,Eurostat
Norway,1980,5.4,Eurostat
Norway,1981,5.4,Eurostat
Norway,1982,5.3,Eurostat
Norway,1983,5.0,Eurostat
Norway,1984,5.0,Eurostat
Norway,1985,4.9,Eurostat
Norway,1986,4.9,Eurostat
Norway,1987,5.0,Eurostat
Norway,1988,5.2,Eurostat
Norway,1989,4.9,Eurostat
Norway,1990,5.2,Eurostat
Norway,1991,4.7,Eurostat
Norway,1992,4.5,Eurostat
Norway,1993,4.5,Eurostat
Norway,1994,4.8,Eurostat
Norway,1995,5.0,Eurostat
Norway,1996,5.3,Eurostat
Norway,1997,5.4,Eurostat
Norway,1998,5.3,Eurostat
Norway,1999,5.3,Eurostat
Norway,2000,5.0,Eurostat
Norway,2001,4.4,Eurostat
Norway,2002,4.5,Eurostat
Norway,2003,4.9,Eurostat
Norway,2004,4.1,Eurostat
Norway,2005,4.8,Eurostat
Norway,2006,4.7,Eurostat
Norway,2007,5.0,Eurostat
Norway,2008,5.3,Eurostat
Norway,2009,5.0,Eurostat
Norway,2010,4.8,Eurostat
Norway,2011,4.6,Eurostat
Norway,2012,4.8,Eurostat
Norway,2013,4.7,Eurostat
Norway,2014,4.6,Eurostat
Norway,2015,4.5,Eurostat
Norway,2016,4.5,Eurostat
Norway,2017,4.4,Eurostat
Poland,1960,8.2,Eurostat
Poland,1961,7.9,Eurostat
Poland,1962,7.5,Eurostat
Poland,1963,7.2,Eurostat
Poland,1964,7.4,Eurostat
Poland,1965,6.4,Eurostat
Poland,1966,7.1,Eurostat
Poland,1967,7.4,Eurostat
Poland,1968,8.0,Eurostat
Poland,1969,8.3,Eurostat
Poland,1970,8.6,Eurostat
Poland,1971,8.9,Eurostat
Poland,1972,9.3,Eurostat
Poland,1973,9.4,Eurostat
Poland,1974,9.5,Eurostat
Poland,1975,9.7,Eurostat
Poland,1976,9.5,Eurostat
Poland,1977,9.4,Eurostat
Poland,1978,9.4,Eurostat
Poland,1979,9.0,Eurostat
Poland,1980,8.6,Eurostat
Poland,1981,9.0,Eurostat
Poland,1982,8.7,Eurostat
Poland,1983,8.4,Eurostat
Poland,1984,7.7,Eurostat
Poland,1985,7.2,Eurostat
Poland,1986,6.9,Eurostat
Poland,1987,6.7,Eurostat
Poland,1988,6.5,Eurostat
Poland,1989,6.7,Eurostat
Poland,1990,6.7,Eurostat
Poland,1991,6.1,Eurostat
Poland,1992,5.7,Eurostat
Poland,1993,5.4,Eurostat
Poland,1994,5.4,Eurostat
Poland,1995,5.4,Eurostat
Poland,1996,5.3,Eurostat
Poland,1997,5.3,Eurostat
Poland,1998,5.4,Eurostat
Poland,1999,5.7,Eurostat
Poland,2000,5.5,Eurostat
Poland,2001,5.1,Eurostat
Poland,2002,5.0,Eurostat
Poland,2003,5.1,Eurostat
Poland,2004,5.0,Eurostat
Poland,2005,5.4,Eurostat
Poland,2006,5.9,Eurostat
Poland,2007,6.5,Eurostat
Poland,2008,6.8,Eurostat
Poland,2009,6.6,Eurostat
Poland,2010,6.0,Eurostat
Poland,2011,5.4,Eurostat
Poland,2012,5.4,Eurostat
Poland,2013,4.7,Eurostat
Poland,2014,5.0,Eurostat
Poland,2015,5.0,Eurostat
Poland,2016,5.1,Eurostat
Poland,2017,5.1,Eurostat
Portugal,1960,7.8,Eurostat
Portugal,1961,8.8,Eurostat
Portugal,1962,7.9,Eurostat
Portugal,1963,7.9,Eurostat
Portugal,1964,8.1,Eurostat
Portugal,1965,8.4,Eurostat
Portugal,1966,8.6,Eurostat
Portugal,1967,8.9,Eurostat
Portugal,1968,8.7,Eurostat
Portugal,1969,9.0,Eurostat
Portugal,1970,9.4,Eurostat
Portugal,1971,9.7,Eurostat
Portugal,1972,9.0,Eurostat
Portugal,1973,9.8,Eurostat
Portugal,1974,9.3,Eurostat
Portugal,1975,11.3,Eurostat
Portugal,1976,10.9,Eurostat
Portugal,1977,9.7,Eurostat
Portugal,1978,8.5,Eurostat
Portugal,1979,8.3,Eurostat
Portugal,1980,7.4,Eurostat
Portugal,1981,7.7,Eurostat
Portugal,1982,7.4,Eurostat
Portugal,1983,7.5,Eurostat
Portugal,1984,7.0,Eurostat
Portugal,1985,6.8,Eurostat
Portugal,1986,6.9,Eurostat
Portugal,1987,7.1,Eurostat
Portugal,1988,7.1,Eurostat
Portugal,1989,7.3,Eurostat
Portugal,1990,7.2,Eurostat
Portugal,1991,7.2,Eurostat
Portugal,1992,7.0,Eurostat
Portugal,1993,6.8,Eurostat
Portugal,1994,6.6,Eurostat
Portugal,1995,6.6,Eurostat
Portugal,1996,6.3,Eurostat
Portugal,1997,6.5,Eurostat
Portugal,1998,6.6,Eurostat
Portugal,1999,6.7,Eurostat
Portugal,2000,6.2,Eurostat
Portugal,2001,5.6,Eurostat
Portugal,2002,5.4,Eurostat
Portugal,2003,5.1,Eurostat
Portugal,2004,4.7,Eurostat
Portugal,2005,4.6,Eurostat
Portugal,2006,4.5,Eurostat
Portugal,2007,4.4,Eurostat
Portugal,2008,4.1,Eurostat
Portugal,2009,3.8,Eurostat
Portugal,2010,3.8,Eurostat
Portugal,2011,3.4,Eurostat
Portugal,2012,3.3,Eurostat
Portugal,2013,3.1,Eurostat
Portugal,2014,3.0,Eurostat
Portugal,2015,3.1,Eurostat
Portugal,2016,3.1,Eurostat
Portugal,2017,3.3,Eurostat
Romania,1960,10.7,Eurostat
Romania,1961,9.7,Eurostat
Romania,1962,9.9,Eurostat
Romania,1963,9.3,Eurostat
Romania,1964,9.0,Eurostat
Romania,1965,8.6,Eurostat
Romania,1966,8.9,Eurostat
Romania,1967,7.9,Eurostat
Romania,1968,7.4,Eurostat
Romania,1969,7.0,Eurostat
Romania,1970,7.2,Eurostat
Romania,1971,7.3,Eurostat
Romania,1972,7.6,Eurostat
Romania,1973,8.2,Eurostat
Romania,1974,8.3,Eurostat
Romania,1975,8.8,Eurostat
Romania,1976,9.1,Eurostat
Romania,1977,9.2,Eurostat
Romania,1978,9.2,Eurostat
Romania,1979,9.0,Eurostat
Romania,1980,8.2,Eurostat
Romania,1981,8.2,Eurostat
Romania,1982,7.7,Eurostat
Romania,1983,7.3,Eurostat
Romania,1984,7.2,Eurostat
Romania,1985,7.1,Eurostat
Romania,1986,7.3,Eurostat
Romania,1987,7.3,Eurostat
Romania,1988,7.5,Eurostat
Romania,1989,7.7,Eurostat
Romania,1990,8.3,Eurostat
Romania,1991,8.0,Eurostat
Romania,1992,7.7,Eurostat
Romania,1993,7.1,Eurostat
Romania,1994,6.8,Eurostat
Romania,1995,6.8,Eurostat
Romania,1996,6.6,Eurostat
Romania,1997,6.5,Eurostat
Romania,1998,6.5,Eurostat
Romania,1999,6.2,Eurostat
Romania,2000,6.1,Eurostat
Romania,2001,5.9,Eurostat
Romania,2002,5.9,Eurostat
Romania,2003,6.2,Eurostat
Romania,2004,6.7,Eurostat
Romania,2005,6.7,Eurostat
Romania,2006,6.9,Eurostat
Romania,2007,9.1,Eurostat
Romania,2008,7.3,Eurostat
Romania,2009,6.6,Eurostat
Romania,2010,5.7,Eurostat
Romania,2011,5.2,Eurostat
Romania,2012,5.4,Eurostat
Romania,2013,5.4,Eurostat
Romania,2014,5.9,Eurostat
Romania,2015,6.3,Eurostat
Romania,2016,6.8,Eurostat
Romania,2017,7.3,Eurostat
Russia,2004,6.8,Eurostat
Russia,2005,7.5,Eurostat
Russia,2006,7.8,Eurostat
Russia,2007,8.9,Eurostat
Russia,2008,8.3,Eurostat
Russia,2009,8.5,Eurostat
Russia,2010,8.5,Eurostat
Russia,2011,9.2,Eurostat
San Marino,2004,7.0,Eurostat
San Marino,2005,7.5,Eurostat
San Marino,2007,6.9,Eurostat
San Marino,2008,6.4,Eurostat
San Marino,2011,6.3,Eurostat
San Marino,2012,6.1,Eurostat
Serbia,2000,5.7,Eurostat
Serbia,2001,5.5,Eurostat
Serbia,2002,5.6,Eurostat
Serbia,2003,5.6,Eurostat
Serbia,2004,5.6,Eurostat
Serbia,2005,5.2,Eurostat
Serbia,2006,5.4,Eurostat
Serbia,2007,5.6,Eurostat
Serbia,2008,5.2,Eurostat
Serbia,2009,5.0,Eurostat
Serbia,2010,4.9,Eurostat
Serbia,2011,4.9,Eurostat
Serbia,2012,4.8,Eurostat
Serbia,2013,5.1,Eurostat
Serbia,2014,5.1,Eurostat
Serbia,2015,5.2,Eurostat
Serbia,2016,5.1,Eurostat
Serbia,2017,5.1,Eurostat
Slovakia,1960,7.9,Eurostat
Slovakia,1961,7.5,Eurostat
Slovakia,1962,7.2,Eurostat
Slovakia,1963,7.2,Eurostat
Slovakia,1964,7.0,Eurostat
Slovakia,1965,7.0,Eurostat
Slovakia,1966,7.0,Eurostat
Slovakia,1967,7.6,Eurostat
Slovakia,1968,7.5,Eurostat
Slovakia,1969,7.7,Eurostat
Slovakia,1970,7.9,Eurostat
Slovakia,1971,8.4,Eurostat
Slovakia,1972,8.7,Eurostat
Slovakia,1973,9.0,Eurostat
Slovakia,1974,9.0,Eurostat
Slovakia,1975,9.2,Eurostat
Slovakia,1976,9.2,Eurostat
Slovakia,1977,9.2,Eurostat
Slovakia,1978,9.0,Eurostat
Slovakia,1979,8.6,Eurostat
Slovakia,1980,7.9,Eurostat
Slovakia,1981,7.8,Eurostat
Slovakia,1982,8.0,Eurostat
Slovakia,1983,7.9,Eurostat
Slovakia,1984,7.7,Eurostat
Slovakia,1985,7.5,Eurostat
Slovakia,1986,7.4,Eurostat
Slovakia,1987,7.4,Eurostat
Slovakia,1988,7.1,Eurostat
Slovakia,1989,6.9,Eurostat
Slovakia,1990,7.6,Eurostat
Slovakia,1991,6.2,Eurostat
Slovakia,1992,6.4,Eurostat
Slovakia,1993,5.8,Eurostat
Slovakia,1994,5.3,Eurostat
Slovakia,1995,5.1,Eurostat
Slovakia,1996,5.1,Eurostat
Slovakia,1997,5.2,Eurostat
Slovakia,1998,5.1,Eurostat
Slovakia,1999,5.1,Eurostat
Slovakia,2000,4.8,Eurostat
Slovakia,2001,4.4,Eurostat
Slovakia,2002,4.7,Eurostat
Slovakia,2003,4.8,Eurostat
Slovakia,2004,5.2,Eurostat
Slovakia,2005,4.9,Eurostat
Slovakia,2006,4.8,Eurostat
Slovakia,2007,5.1,Eurostat
Slovakia,2008,5.3,Eurostat
Slovakia,2009,4.9,Eurostat
Slovakia,2010,4.7,Eurostat
Slovakia,2011,4.7,Eurostat
Slovakia,2012,4.8,Eurostat
Slovakia,2013,4.7,Eurostat
Slovakia,2014,4.9,Eurostat
Slovakia,2015,5.3,Eurostat
Slovakia,2016,5.5,Eurostat
Slovakia,2017,5.8,Eurostat
Slovenia,1960,8.8,Eurostat
Slovenia,1961,9.1,Eurostat
Slovenia,1962,9.1,Eurostat
Slovenia,1963,8.8,Eurostat
Slovenia,1964,9.0,Eurostat
Slovenia,1965,9.2,Eurostat
Slovenia,1966,8.6,Eurostat
Slovenia,1967,8.3,Eurostat
Slovenia,1968,8.2,Eurostat
Slovenia,1969,8.2,Eurostat
Slovenia,1970,8.3,Eurostat
Slovenia,1971,8.2,Eurostat
Slovenia,1972,9.0,Eurostat
Slovenia,1973,8.9,Eurostat
Slovenia,1974,8.7,Eurostat
Slovenia,1975,8.6,Eurostat
Slovenia,1976,8.3,Eurostat
Slovenia,1977,8.2,Eurostat
Slovenia,1978,8.4,Eurostat
Slovenia,1979,7.6,Eurostat
Slovenia,1980,6.5,Eurostat
Slovenia,1981,6.4,Eurostat
Slovenia,1982,6.1,Eurostat
Slovenia,1983,6.2,Eurostat
Slovenia,1984,5.9,Eurostat
Slovenia,1985,5.4,Eurostat
Slovenia,1986,5.4,Eurostat
Slovenia,1987,5.2,Eurostat
Slovenia,1988,4.6,Eurostat
Slovenia,1989,4.9,Eurostat
Slovenia,1990,4.3,Eurostat
Slovenia,1991,4.1,Eurostat
Slovenia,1992,4.6,Eurostat
Slovenia,1993,4.5,Eurostat
Slovenia,1994,4.2,Eurostat
Slovenia,1995,4.1,Eurostat
Slovenia,1996,3.8,Eurostat
Slovenia,1997,3.8,Eurostat
Slovenia,1998,3.8,Eurostat
Slovenia,1999,3.9,Eurostat
Slovenia,2000,3.6,Eurostat
Slovenia,2001,3.5,Eurostat
Slovenia,2002,3.5,Eurostat
Slovenia,2003,3.4,Eurostat
Slovenia,2004,3.3,Eurostat
Slovenia,2005,2.9,Eurostat
Slovenia,2006,3.2,Eurostat
Slovenia,2007,3.2,Eurostat
Slovenia,2008,3.3,Eurostat
Slovenia,2009,3.2,Eurostat
Slovenia,2010,3.2,Eurostat
Slovenia,2011,3.2,Eurostat
Slovenia,2012,3.4,Eurostat
Slovenia,2013,3.0,Eurostat
Slovenia,2014,3.2,Eurostat
Slovenia,2015,3.1,Eurostat
Slovenia,2016,3.2,Eurostat
Slovenia,2017,3.1,Eurostat
South Korea,1970,9.2,OECD
South Korea,1971,7.3,OECD
South Korea,1972,7.3,OECD
South Korea,1973,7.6,OECD
South Korea,1974,7.5,OECD
South Korea,1975,8.0,OECD
South Korea,1976,8.0,OECD
South Korea,1977,8.3,OECD
South Korea,1978,9.3,OECD
South Korea,1979,9.4,OECD
South Korea,1980,10.6,OECD
South Korea,1981,10.5,OECD
South Korea,1982,9.9,OECD
South Korea,1983,10.3,OECD
South Korea,1984,9.5,OECD
South Korea,1985,9.4,OECD
South Korea,1986,9.5,OECD
South Korea,1987,9.4,OECD
South Korea,1988,9.8,OECD
South Korea,1989,9.7,OECD
South Korea,1990,9.3,OECD
South Korea,1991,9.6,OECD
South Korea,1992,9.6,OECD
South Korea,1993,9.0,OECD
South Korea,1994,8.7,OECD
South Korea,1995,8.7,OECD
South Korea,1996,9.4,OECD
South Korea,1997,8.4,OECD
South Korea,1998,8.0,OECD
South Korea,1999,7.6,OECD
South Korea,2000,7.0,OECD
South Korea,2001,6.7,OECD
South Korea,2002,6.3,OECD
South Korea,2003,6.3,OECD
South Korea,2004,6.4,OECD
South Korea,2005,6.5,OECD
South Korea,2006,6.8,OECD
South Korea,2007,7.0,OECD
South Korea,2008,6.6,OECD
South Korea,2009,6.2,OECD
South Korea,2010,6.5,OECD
South Korea,2011,6.6,OECD
South Korea,2012,6.5,OECD
South Korea,2013,6.4,OECD
South Korea,2014,6.0,OECD
South Korea,2015,5.9,OECD
South Korea,2016,5.5,OECD
South Korea,2017,5.2,OECD
Spain,1960,7.8,Eurostat
Spain,1961,7.7,Eurostat
Spain,1962,7.6,Eurostat
Spain,1963,7.6,Eurostat
Spain,1964,7.4,Eurostat
Spain,1965,7.1,Eurostat
Spain,1966,7.1,Eurostat
Spain,1967,7.1,Eurostat
Spain,1968,7.0,Eurostat
Spain,1969,7.2,Eurostat
Spain,1970,7.3,Eurostat
Spain,1971,7.4,Eurostat
Spain,1972,7.6,Eurostat
Spain,1973,7.7,Eurostat
Spain,1974,7.6,Eurostat
Spain,1975,7.6,Eurostat
Spain,1976,7.3,Eurostat
Spain,1977,7.2,Eurostat
Spain,1978,7.0,Eurostat
Spain,1979,6.6,Eurostat
Spain,1980,5.9,Eurostat
Spain,1981,5.4,Eurostat
Spain,1982,5.1,Eurostat
Spain,1983,5.1,Eurostat
Spain,1984,5.2,Eurostat
Spain,1985,5.2,Eurostat
Spain,1986,5.4,Eurostat
Spain,1987,5.6,Eurostat
Spain,1988,5.7,Eurostat
Spain,1989,5.7,Eurostat
Spain,1990,5.7,Eurostat
Spain,1991,5.6,Eurostat
Spain,1992,5.6,Eurostat
Spain,1993,5.1,Eurostat
Spain,1994,5.1,Eurostat
Spain,1995,5.1,Eurostat
Spain,1996,4.9,Eurostat
Spain,1997,5.0,Eurostat
Spain,1998,5.2,Eurostat
Spain,1999,5.2,Eurostat
Spain,2000,5.4,Eurostat
Spain,2001,5.1,Eurostat
Spain,2002,5.1,Eurostat
Spain,2003,5.0,Eurostat
Spain,2004,5.0,Eurostat
Spain,2005,4.7,Eurostat
Spain,2006,4.5,Eurostat
Spain,2007,4.4,Eurostat
Spain,2008,4.2,Eurostat
Spain,2009,3.7,Eurostat
Spain,2010,3.6,Eurostat
Spain,2011,3.4,Eurostat
Spain,2012,3.5,Eurostat
Spain,2013,3.3,Eurostat
Spain,2014,3.4,Eurostat
Spain,2015,3.6,Eurostat
Spain,2016,3.7,Eurostat
Spain,2017,3.7,Eurostat
Sweden,1960,6.7,Eurostat
Sweden,1961,7.0,Eurostat
Sweden,1962,7.1,Eurostat
Sweden,1963,7.0,Eurostat
Sweden,1964,7.6,Eurostat
Sweden,1965,7.8,Eurostat
Sweden,1966,7.8,Eurostat
Sweden,1967,7.2,Eurostat
Sweden,1968,6.6,Eurostat
Sweden,1969,6.1,Eurostat
Sweden,1970,5.4,Eurostat
Sweden,1971,4.9,Eurostat
Sweden,1972,4.8,Eurostat
Sweden,1973,4.7,Eurostat
Sweden,1974,5.5,Eurostat
Sweden,1975,5.4,Eurostat
Sweden,1976,5.4,Eurostat
Sweden,1977,4.9,Eurostat
Sweden,1978,4.6,Eurostat
Sweden,1979,4.5,Eurostat
Sweden,1980,4.5,Eurostat
Sweden,1981,4.5,Eurostat
Sweden,1982,4.5,Eurostat
Sweden,1983,4.3,Eurostat
Sweden,1984,4.4,Eurostat
Sweden,1985,4.6,Eurostat
Sweden,1986,4.6,Eurostat
Sweden,1987,4.9,Eurostat
Sweden,1988,5.2,Eurostat
Sweden,1989,12.8,Eurostat
Sweden,1990,4.7,Eurostat
Sweden,1991,4.3,Eurostat
Sweden,1992,4.3,Eurostat
Sweden,1993,3.9,Eurostat
Sweden,1994,3.9,Eurostat
Sweden,1996,3.8,Eurostat
Sweden,1997,3.7,Eurostat
Sweden,1998,3.6,Eurostat
Sweden,1999,4.0,Eurostat
Sweden,2000,4.5,Eurostat
Sweden,2001,4.0,Eurostat
Sweden,2002,4.3,Eurostat
Sweden,2003,4.4,Eurostat
Sweden,2004,4.8,Eurostat
Sweden,2005,4.9,Eurostat
Sweden,2006,5.0,Eurostat
Sweden,2008,5.5,Eurostat
Sweden,2009,5.1,Eurostat
Sweden,2010,5.3,Eurostat
Sweden,2011,5.0,Eurostat
Sweden,2012,5.3,Eurostat
Sweden,2013,5.4,Eurostat
Sweden,2014,5.5,Eurostat
Sweden,2015,5.3,Eurostat
Sweden,2016,5.4,Eurostat
Sweden,2017,5.2,Eurostat
Switzerland,1960,7.8,Eurostat
Switzerland,1961,7.8,Eurostat
Switzerland,1962,8.0,Eurostat
Switzerland,1963,7.7,Eurostat
Switzerland,1964,7.6,Eurostat
Switzerland,1965,7.7,Eurostat
Switzerland,1966,7.5,Eurostat
Switzerland,1967,7.6,Eurostat
Switzerland,1968,7.5,Eurostat
Switzerland,1969,7.6,Eurostat
Switzerland,1970,7.6,Eurostat
Switzerland,1971,7.2,Eurostat
Switzerland,1972,6.9,Eurostat
Switzerland,1973,6.5,Eurostat
Switzerland,1974,6.1,Eurostat
Switzerland,1975,5.6,Eurostat
Switzerland,1976,5.1,Eurostat
Switzerland,1977,5.3,Eurostat
Switzerland,1978,5.1,Eurostat
Switzerland,1979,5.4,Eurostat
Switzerland,1980,5.7,Eurostat
Switzerland,1981,5.6,Eurostat
Switzerland,1982,5.8,Eurostat
Switzerland,1983,5.9,Eurostat
Switzerland,1984,6.0,Eurostat
Switzerland,1985,6.0,Eurostat
Switzerland,1986,6.2,Eurostat
Switzerland,1987,6.6,Eurostat
Switzerland,1988,6.9,Eurostat
Switzerland,1989,6.8,Eurostat
Switzerland,1990,6.9,Eurostat
Switzerland,1991,7.0,Eurostat
Switzerland,1992,6.6,Eurostat
Switzerland,1993,6.2,Eurostat
Switzerland,1994,6.1,Eurostat
Switzerland,1995,5.8,Eurostat
Switzerland,1996,5.7,Eurostat
Switzerland,1997,5.5,Eurostat
Switzerland,1998,5.4,Eurostat
Switzerland,1999,5.7,Eurostat
Switzerland,2000,5.5,Eurostat
Switzerland,2001,5.0,Eurostat
Switzerland,2002,5.5,Eurostat
Switzerland,2003,5.5,Eurostat
Switzerland,2004,5.3,Eurostat
Switzerland,2005,5.4,Eurostat
Switzerland,2006,5.3,Eurostat
Switzerland,2007,5.3,Eurostat
Switzerland,2008,5.4,Eurostat
Switzerland,2009,5.4,Eurostat
Switzerland,2010,5.5,Eurostat
Switzerland,2011,5.3,Eurostat
Switzerland,2012,5.3,Eurostat
Switzerland,2013,4.9,Eurostat
Switzerland,2014,5.1,Eurostat
Switzerland,2015,5.0,Eurostat
Switzerland,2016,5.0,Eurostat
Switzerland,2017,4.8,Eurostat
Turkey,1980,8.2,Eurostat
Turkey,2003,7.1,Eurostat
Turkey,2004,9.2,Eurostat
Turkey,2005,9.5,Eurostat
Turkey,2006,9.2,Eurostat
Turkey,2007,9.1,Eurostat
Turkey,2008,9.0,Eurostat
Turkey,2009,8.2,Eurostat
Turkey,2010,8.0,Eurostat
Turkey,2011,8.0,Eurostat
Turkey,2012,8.0,Eurostat
Turkey,2013,7.9,Eurostat
Turkey,2014,7.8,Eurostat
Turkey,2015,7.7,Eurostat
Turkey,2016,7.5,Eurostat
Turkey,2017,7.1,Eurostat
Ukraine,2004,5.9,Eurostat
Ukraine,2005,7.1,Eurostat
Ukraine,2006,7.6,Eurostat
Ukraine,2007,9.0,Eurostat
Ukraine,2008,7.0,Eurostat
Ukraine,2009,6.9,Eurostat
Ukraine,2010,6.7,Eurostat
Ukraine,2011,7.8,Eurostat
Ukraine,2012,6.1,Eurostat
Ukraine,2013,6.7,Eurostat
Ukraine,2015,7.0,Eurostat
Ukraine,2016,5.4,Eurostat
Ukraine,2017,5.9,Eurostat
United Kingdom,1960,7.5,Eurostat
United Kingdom,1961,7.5,Eurostat
United Kingdom,1962,7.5,Eurostat
United Kingdom,1963,7.5,Eurostat
United Kingdom,1964,7.6,Eurostat
United Kingdom,1965,7.8,Eurostat
United Kingdom,1966,8.0,Eurostat
United Kingdom,1967,8.0,Eurostat
United Kingdom,1968,8.4,Eurostat
United Kingdom,1969,8.1,Eurostat
United Kingdom,1970,8.5,Eurostat
United Kingdom,1971,8.2,Eurostat
United Kingdom,1972,8.6,Eurostat
United Kingdom,1973,8.1,Eurostat
United Kingdom,1974,7.8,Eurostat
United Kingdom,1975,7.7,Eurostat
United Kingdom,1976,7.2,Eurostat
United Kingdom,1977,7.2,Eurostat
United Kingdom,1978,7.4,Eurostat
United Kingdom,1979,7.4,Eurostat
United Kingdom,1980,7.4,Eurostat
United Kingdom,1981,7.1,Eurostat
United Kingdom,1982,6.9,Eurostat
United Kingdom,1983,6.9,Eurostat
United Kingdom,1984,7.0,Eurostat
United Kingdom,1985,7.0,Eurostat
United Kingdom,1986,7.0,Eurostat
United Kingdom,1987,7.0,Eurostat
United Kingdom,1988,6.9,Eurostat
United Kingdom,1989,6.9,Eurostat
United Kingdom,1990,6.6,Eurostat
United Kingdom,1991,6.1,Eurostat
United Kingdom,1992,6.2,Eurostat
United Kingdom,1993,5.9,Eurostat
United Kingdom,1994,5.7,Eurostat
United Kingdom,1995,5.6,Eurostat
United Kingdom,1996,5.5,Eurostat
United Kingdom,1997,5.3,Eurostat
United Kingdom,1998,5.2,Eurostat
United Kingdom,1999,5.1,Eurostat
United Kingdom,2000,5.2,Eurostat
United Kingdom,2001,4.8,Eurostat
United Kingdom,2002,4.9,Eurostat
United Kingdom,2003,5.2,Eurostat
United Kingdom,2007,4.5,Eurostat
United Kingdom,2008,4.4,Eurostat
United Kingdom,2009,4.3,Eurostat
United Kingdom,2010,4.5,Eurostat
United Kingdom,2011,4.5,Eurostat
United Kingdom,2013,4.3,Eurostat
United Kingdom,2014,4.5,Eurostat
United Kingdom,2015,4.4,Eurostat
United Kingdom,2016,4.4,Eurostat
United States,1920,12.0,Carter et al (2006)
United States,1921,10.7,Carter et al (2006)
United States,1922,10.3,Carter et al (2006)
United States,1923,11.0,Carter et al (2006)
United States,1924,10.4,Carter et al (2006)
United States,1925,10.3,Carter et al (2006)
United States,1926,10.2,Carter et al (2006)
United States,1927,10.1,Carter et al (2006)
United States,1928,9.8,Carter et al (2006)
United States,1929,10.1,Carter et al (2006)
United States,1930,9.2,Carter et al (2006)
United States,1931,8.6,Carter et al (2006)
United States,1932,7.9,Carter et al (2006)
United States,1933,8.7,Carter et al (2006)
United States,1934,10.3,Carter et al (2006)
United States,1935,10.4,Carter et al (2006)
United States,1936,10.7,Carter et al (2006)
United States,1937,11.3,Carter et al (2006)
United States,1938,10.3,Carter et al (2006)
United States,1939,10.7,Carter et al (2006)
United States,1940,12.1,Carter et al (2006)
United States,1941,12.7,Carter et al (2006)
United States,1942,13.2,Carter et al (2006)
United States,1943,11.7,Carter et al (2006)
United States,1944,10.9,Carter et al (2006)
United States,1945,12.2,Carter et al (2006)
United States,1946,16.4,Carter et al (2006)
United States,1947,13.9,Carter et al (2006)
United States,1948,12.4,Carter et al (2006)
United States,1949,10.6,Carter et al (2006)
United States,1950,11.1,Carter et al (2006)
United States,1951,10.4,Carter et al (2006)
United States,1952,9.9,Carter et al (2006)
United States,1953,9.8,Carter et al (2006)
United States,1954,9.2,Carter et al (2006)
United States,1955,9.3,Carter et al (2006)
United States,1956,9.5,Carter et al (2006)
United States,1957,8.9,Carter et al (2006)
United States,1958,8.4,Carter et al (2006)
United States,1959,8.5,Carter et al (2006)
United States,1960,8.5,Carter et al (2006)
United States,1961,8.5,Carter et al (2006)
United States,1962,8.5,Carter et al (2006)
United States,1963,8.8,Carter et al (2006)
United States,1964,9.0,Carter et al (2006)
United States,1965,9.3,Carter et al (2006)
United States,1966,9.5,Carter et al (2006)
United States,1967,9.7,Carter et al (2006)
United States,1968,10.4,Carter et al (2006)
United States,1969,10.6,Carter et al (2006)
United States,1970,10.6,Carter et al (2006)
United States,1971,10.6,Carter et al (2006)
United States,1972,10.9,Carter et al (2006)
United States,1973,10.8,Carter et al (2006)
United States,1974,10.5,Carter et al (2006)
United States,1975,10.0,Carter et al (2006)
United States,1976,9.9,Carter et al (2006)
United States,1977,9.9,Carter et al (2006)
United States,1978,10.3,Carter et al (2006)
United States,1979,10.4,Carter et al (2006)
United States,1980,10.6,Carter et al (2006)
United States,1981,10.6,Carter et al (2006)
United States,1982,10.6,Carter et al (2006)
United States,1983,10.5,Carter et al (2006)
United States,1984,10.5,Carter et al (2006)
United States,1985,10.1,Carter et al (2006)
United States,1986,10.0,Carter et al (2006)
United States,1987,9.9,Carter et al (2006)
United States,1988,9.7,Carter et al (2006)
United States,1989,9.7,Carter et al (2006)
United States,1990,9.8,Carter et al (2006)
United States,1991,9.4,Carter et al (2006)
United States,1992,9.3,Carter et al (2006)
United States,1993,9.0,Carter et al (2006)
United States,1994,9.1,Carter et al (2006)
United States,1995,8.9,Carter et al (2006)
United States,1996,8.8,US Census Bureau (2007)
United States,1997,8.9,US Census Bureau (2007)
United States,1998,8.4,US Census Bureau (2007)
United States,1999,8.6,US Census Bureau (2007)
United States,2000,8.3,US Census Bureau (2007)
United States,2001,8.2,US Census Bureau (2007)
United States,2002,7.8,US Census Bureau (2007)
United States,2003,7.7,US Census Bureau (2007)
United States,2004,7.8,US Census Bureau (2007)
United States,2005,7.6,CDC
United States,2006,7.5,CDC
United States,2007,7.3,CDC
United States,2008,7.1,CDC
United States,2009,6.8,CDC
United States,2010,6.8,CDC
United States,2011,6.8,CDC
United States,2012,6.8,CDC
United States,2013,6.8,CDC
United States,2014,6.9,CDC
United States,2015,6.9,CDC
United States,2016,7.0,CDC
United States,2017,6.9,CDC
United States,2018,6.5,CDC
Algeria,1967,4.7,UN
Algeria,1985,5.6,UN
Algeria,1995,5.5,UN
Algeria,2005,8.5,UN
Algeria,2007,9.6,UN
American Samoa,1970,11.3,UN
American Samoa,1985,10.2,UN
American Samoa,1993,6.2,UN
American Samoa,2005,3.1,UN
American Samoa,2006,2.6,UN
Angola,1970,4.3,UN
Anguilla,1985,13.7,UN
Anguilla,1995,19.7,UN
Anguilla,2005,6.5,UN
Anguilla,2006,5.5,UN
Antigua and Barbuda,1971,4.6,UN
Antigua and Barbuda,1985,4.1,UN
Antigua and Barbuda,1995,21.0,UN
Aruba,1974,8.3,UN
Aruba,1985,7.0,UN
Aruba,1995,7.4,UN
Aruba,2005,5.7,UN
Aruba,2006,5.3,UN
Bahamas,1970,8.2,UN
Bahamas,1985,8.5,UN
Bahamas,1995,9.0,UN
Bahamas,2005,5.3,UN
Bahamas,2006,7.9,UN
Bahrain,1976,4.4,UN
Bahrain,1985,6.4,UN
Bahrain,1995,5.7,UN
Bahrain,2005,6.4,UN
Bahrain,2006,6.4,UN
Bangladesh,1980,9.1,UN
Bangladesh,1985,10.0,UN
Bangladesh,1995,10.5,UN
Bangladesh,2005,13.0,UN
Bangladesh,2006,12.5,UN
Barbados,1970,4.6,UN
Barbados,1985,4.7,UN
Barbados,1995,13.5,UN
Barbados,2000,14.1,UN
Belize,1970,6.1,UN
Belize,1985,6.1,UN
Belize,1995,6.3,UN
Belize,2001,6.2,UN
Belize,2002,6.3,UN
Bermuda,1970,9.4,UN
Bermuda,1985,12.2,UN
Bermuda,1995,16.4,UN
Bermuda,2005,12.9,UN
Bermuda,2006,13.7,UN
Bolivia,1970,4.2,UN
Bolivia,1980,5.0,UN
Bolivia,1995,2.9,UN
Bolivia,2005,2.4,UN
Bolivia,2006,2.2,UN
Botswana,1984,3.1,UN
British Virgin Islands,1970,7.7,UN
British Virgin Islands,1985,13.0,UN
British Virgin Islands,1997,18.0,UN
British Virgin Islands,2003,22.3,UN
British Virgin Islands,2004,19.6,UN
Brunei,1970,4.6,UN
Brunei,1985,8.5,UN
Brunei,1995,6.1,UN
Brunei,2003,6.3,UN
Brunei,2004,5.5,UN
Cape Verde,1970,3.6,UN
Cape Verde,1980,6.0,UN
Cape Verde,1992,3.6,UN
Cape Verde,1994,3.1,UN
Cayman Islands,1970,8.4,UN
Cayman Islands,1985,8.4,UN
Cayman Islands,1995,8.9,UN
Cayman Islands,2005,8.6,UN
Cayman Islands,2006,10.2,UN
Channel Islands,1970,9.4,UN
Channel Islands,1985,7.3,UN
Channel Islands,1995,6.3,UN
Channel Islands,1999,8.4,UN
Channel Islands,2000,7.8,UN
Hong Kong,1970,5.2,UN
Hong Kong,1985,8.3,UN
Hong Kong,1995,6.3,UN
Hong Kong,2005,6.3,UN
Hong Kong,2006,7.3,UN
Macao,1970,0.7,UN
Macao,1985,11.2,UN
Macao,1995,5.2,UN
Macao,2005,3.7,UN
Macao,2006,4.2,UN
Comoros,1964,8.4,UN
Cook Islands,1971,6.0,UN
Cook Islands,1985,6.4,UN
Cook Islands,1995,13.0,UN
Cook Islands,2005,37.4,UN
Cook Islands,2007,59.0,UN
Cuba,1970,13.4,UN
Cuba,1985,8.0,UN
Cuba,1995,6.4,UN
Cuba,2005,4.6,UN
Cuba,2006,5.0,UN
Djibouti,1962,11.6,UN
Djibouti,1998,4.7,UN
Djibouti,1999,5.4,UN
Dominica,1969,3.7,UN
Dominica,1985,3.6,UN
Dominica,1995,3.2,UN
Dominica,1999,4.7,UN
Dominican Republic,1970,4.2,UN
Dominican Republic,1985,3.2,UN
Dominican Republic,1993,2.9,UN
Dominican Republic,2004,4.1,UN
Dominican Republic,2005,4.2,UN
Ecuador,1970,6.0,UN
Ecuador,1985,6.2,UN
Ecuador,1995,6.2,UN
Ecuador,2005,5.1,UN
Ecuador,2006,5.6,UN
Egypt,1970,9.3,UN
Egypt,1985,8.4,UN
Egypt,1995,7.8,UN
Egypt,2005,7.2,UN
Egypt,2006,7.2,UN
El Salvador,1970,3.3,UN
El Salvador,1985,3.7,UN
El Salvador,1995,4.5,UN
El Salvador,2005,3.5,UN
El Salvador,2006,3.5,UN
Equatorial Guinea,1966,0.8,UN
Ethiopia,1999,9.3,UN
Faeroe Islands,1970,6.1,UN
Faeroe Islands,1985,4.1,UN
Faeroe Islands,1995,4.7,UN
Faeroe Islands,2005,5.7,UN
Faeroe Islands,2006,5.7,UN
Falkland Islands,1970,7.3,UN
Falkland Islands,1981,5.9,UN
Falkland Islands,1988,8.9,UN
Fiji,1970,7.8,UN
Fiji,1985,9.5,UN
Fiji,1995,9.9,UN
Fiji,2003,9.1,UN
Fiji,2004,8.6,UN
French Guiana,1970,5.5,UN
French Guiana,1985,3.7,UN
French Guiana,1995,4.8,UN
French Guiana,2005,3.0,UN
French Guiana,2006,3.1,UN
French Polynesia,1971,6.4,UN
French Polynesia,1985,7.4,UN
French Polynesia,1995,5.7,UN
French Polynesia,2005,4.2,UN
French Polynesia,2006,4.4,UN
Gibraltar,1970,20.3,UN
Gibraltar,1985,20.2,UN
Gibraltar,1995,28.2,UN
Gibraltar,2005,6.3,UN
Gibraltar,2006,5.6,UN
Greenland,1970,4.3,UN
Greenland,1985,6.5,UN
Greenland,1996,3.7,UN
Grenada,1969,3.1,UN
Grenada,1979,3.3,UN
Grenada,1997,5.0,UN
Grenada,2000,6.1,UN
Grenada,2001,5.0,UN
Guadeloupe,1970,5.9,UN
Guadeloupe,1985,4.7,UN
Guadeloupe,1998,5.1,UN
Guadeloupe,2005,4.3,UN
Guadeloupe,2006,4.3,UN
Guam,1970,10.3,UN
Guam,1985,12.7,UN
Guam,1995,10.5,UN
Guam,2003,8.0,UN
Guam,2004,9.4,UN
Guatemala,1970,3.5,UN
Guatemala,1985,5.0,UN
Guatemala,1995,5.0,UN
Guatemala,2005,4.1,UN
Guatemala,2006,4.4,UN
Guinea-Bissau,1970,0.2,UN
Guinea-Bissau,1971,0.2,UN
Guyana,1968,4.2,UN
Guyana,2005,4.8,UN
Guyana,2006,6.1,UN
Vatican,1970,3.1,UN
Vatican,1975,1.4,UN
Honduras,1970,3.6,UN
Honduras,1985,4.6,UN
Honduras,1987,2.7,UN
Honduras,2005,2.9,UN
Honduras,2007,2.6,UN
Iran,1970,5.9,UN
Iran,1986,6.9,UN
Iran,1995,7.4,UN
Iran,2005,11.3,UN
Iran,2006,11.0,UN
Iraq,1970,4.1,UN
Iraq,1986,8.0,UN
Iraq,1995,5.6,UN
Iraq,2000,6.8,UN
Iraq,2004,9.6,UN
Isle of Man,1970,8.3,UN
Isle of Man,1985,5.3,UN
Isle of Man,1995,5.9,UN
Isle of Man,2003,5.3,UN
Isle of Man,2004,5.1,UN
Jamaica,1970,4.9,UN
Jamaica,1985,5.1,UN
Jamaica,1995,6.7,UN
Jamaica,2005,9.8,UN
Jamaica,2006,8.7,UN
Jordan,1970,7.2,UN
Jordan,1985,7.4,UN
Jordan,1995,8.2,UN
Jordan,2005,10.2,UN
Jordan,2006,10.4,UN
Kazakhstan,1970,9.5,UN
Kazakhstan,1985,10.1,UN
Kazakhstan,1995,7.4,UN
Kazakhstan,2005,8.1,UN
Kazakhstan,2006,9.0,UN
Kiribati,1970,6.8,UN
Kuwait,1970,3.9,UN
Kuwait,1985,5.7,UN
Kuwait,1995,6.0,UN
Kuwait,2005,4.6,UN
Kuwait,2006,4.5,UN
Kyrgyzstan,1970,9.2,UN
Kyrgyzstan,1985,10.1,UN
Kyrgyzstan,1995,6.0,UN
Kyrgyzstan,2005,7.3,UN
Kyrgyzstan,2006,8.4,UN
Lebanon,1970,7.9,UN
Lebanon,1990,10.1,UN
Lebanon,1995,8.8,UN
Lebanon,2005,7.4,UN
Lebanon,2006,7.2,UN
Libya,1970,7.3,UN
Libya,1985,4.9,UN
Libya,1995,4.8,UN
Libya,2001,5.3,UN
Libya,2002,6.0,UN
Madagascar,1970,2.5,UN
Maldives,1972,35.0,UN
Maldives,1986,9.6,UN
Maldives,1995,20.4,UN
Maldives,2004,11.7,UN
Maldives,2005,16.7,UN
Mali,1987,4.4,UN
Marshall Islands,1994,3.4,UN
Martinique,1970,5.4,UN
Martinique,1985,3.9,UN
Martinique,1997,4.1,UN
Martinique,2005,3.7,UN
Martinique,2006,3.7,UN
Mauritius,1988,11.0,UN
Mauritius,1995,9.5,UN
Mauritius,2005,9.1,UN
Mauritius,2006,9.2,UN
Mongolia,1970,3.2,UN
Mongolia,1985,9.3,UN
Mongolia,1995,6.8,UN
Mongolia,2005,5.9,UN
Mongolia,2007,15.7,UN
Montserrat,1970,3.5,UN
Montserrat,1985,4.6,UN
Montserrat,1995,5.2,UN
Montserrat,1998,2.5,UN
Montserrat,1999,4.0,UN
Mozambique,1970,1.0,UN
Nauru,1968,5.4,UN
Nauru,1976,6.0,UN
Nauru,1995,5.7,UN
Netherlands Antilles,1970,9.1,UN
Netherlands Antilles,1987,6.9,UN
Netherlands Antilles,1995,5.5,UN
Netherlands Antilles,2005,4.8,UN
Netherlands Antilles,2006,5.8,UN
New Caledonia,1970,9.2,UN
New Caledonia,1985,5.1,UN
New Caledonia,1995,4.5,UN
New Caledonia,2005,4.0,UN
New Caledonia,2006,3.9,UN
Nicaragua,1971,4.2,UN
Nicaragua,1985,3.2,UN
Nicaragua,1995,4.5,UN
Nicaragua,2004,3.5,UN
Nicaragua,2005,4.5,UN
Niue,1970,3.4,UN
Niue,1985,5.1,UN
Niue,1995,3.1,UN
Niue,2003,7.0,UN
Niue,2004,8.0,UN
Norfolk Island,1970,9.4,UN
North Korea,1970,6.1,UN
North Korea,1985,7.6,UN
North Korea,1987,9.7,UN
Northern Mariana Islands,1983,18.0,UN
Northern Mariana Islands,1985,13.8,UN
Northern Mariana Islands,1989,17.4,UN
Palestine,1996,7.5,UN
Palestine,2005,7.7,UN
Palestine,2006,7.3,UN
Panama,1970,5.1,UN
Panama,1985,5.7,UN
Panama,1995,3.3,UN
Panama,2005,3.3,UN
Panama,2006,3.3,UN
Paraguay,1970,5.3,UN
Paraguay,1985,5.0,UN
Paraguay,1994,5.0,UN
Paraguay,2004,3.1,UN
Paraguay,2005,3.4,UN
Peru,1970,3.9,UN
Peru,1982,6.0,UN
Peru,1993,4.1,UN
Peru,1997,2.8,UN
Peru,1998,2.4,UN
Philippines,1970,7.0,UN
Philippines,1985,7.0,UN
Philippines,1995,7.3,UN
Philippines,2004,7.0,UN
Philippines,2005,6.1,UN
Pitcairn,1972,23.8,UN
Pitcairn,1992,37.0,UN
Puerto Rico,1970,10.9,UN
Puerto Rico,1985,9.0,UN
Puerto Rico,1996,8.8,UN
Puerto Rico,2005,6.0,UN
Puerto Rico,2006,5.8,UN
Qatar,1977,3.1,UN
Qatar,1985,3.0,UN
Qatar,1995,2.8,UN
Qatar,2005,3.4,UN
Qatar,2006,3.7,UN
Rwanda,1970,1.7,UN
Rwanda,1982,2.6,UN
Reunion,1970,6.7,UN
Reunion,1985,5.8,UN
Reunion,1996,4.9,UN
Reunion,2005,4.0,UN
Reunion,2006,3.8,UN
Saint Kitts and Nevis,1970,3.0,UN
Saint Kitts and Nevis,1995,6.9,UN
Saint Kitts and Nevis,2000,9.8,UN
Saint Kitts and Nevis,2001,7.1,UN
Saint Lucia,1970,3.2,UN
Saint Lucia,1985,3.4,UN
Saint Lucia,1995,3.4,UN
Saint Lucia,2003,3.4,UN
Saint Lucia,2004,2.8,UN
Saint Vincent and the Grenadines,1970,4.3,UN
Saint Vincent and the Grenadines,1986,4.1,UN
Saint Vincent and the Grenadines,1995,4.8,UN
Saint Vincent and the Grenadines,2004,5.0,UN
Saint Vincent and the Grenadines,2005,5.6,UN
Saint Pierre et Miquelon,1970,5.9,UN
Saint Pierre et Miquelon,1984,5.3,UN
Saint Pierre et Miquelon,1996,4.5,UN
Samoa,1970,5.3,UN
Samoa,1983,4.5,UN
Samoa,1996,6.2,UN
Samoa,2000,6.8,UN
Samoa,2001,4.6,UN
Sao Tome and Principe,1970,1.8,UN
Sao Tome and Principe,1985,0.7,UN
Sao Tome and Principe,1988,0.4,UN
Seychelles,1970,4.8,UN
Seychelles,1985,8.9,UN
Seychelles,1995,11.7,UN
Seychelles,2005,10.7,UN
Seychelles,2007,12.7,UN
Singapore,1970,7.4,UN
Singapore,1985,8.6,UN
Singapore,1994,7.2,UN
Singapore,2005,5.4,UN
Singapore,2006,5.4,UN
Sri Lanka,1970,6.9,UN
Sri Lanka,1985,8.0,UN
Sri Lanka,1995,9.4,UN
Sri Lanka,2004,10.1,UN
Sri Lanka,2005,10.2,UN
Suriname,1980,6.7,UN
Suriname,1989,5.4,UN
Suriname,1995,5.5,UN
Suriname,2004,4.0,UN
Suriname,2005,4.0,UN
Swaziland,1964,0.9,UN
Swaziland,1986,3.3,UN
Swaziland,1988,3.2,UN
Swaziland,1989,3.7,UN
Syria,1970,9.9,UN
Syria,1985,8.9,UN
Syria,1996,8.5,UN
Syria,2005,10.7,UN
Syria,2006,10.6,UN
Tajikistan,1970,9.2,UN
Tajikistan,1985,10.5,UN
Tajikistan,1994,6.9,UN
Tajikistan,2005,7.6,UN
Tajikistan,2006,8.2,UN
Thailand,1970,4.3,UN
Thailand,1985,6.8,UN
Thailand,1995,8.2,UN
Thailand,2004,5.8,UN
Thailand,2005,5.5,UN
Timor,1970,2.6,UN
Timor,1992,1.6,UN
Tokelau,1971,3.2,UN
Tokelau,1983,2.5,UN
Tonga,1970,6.4,UN
Tonga,1985,7.0,UN
Tonga,1995,8.6,UN
Tonga,2002,7.6,UN
Tonga,2003,7.1,UN
Trinidad and Tobago,1970,6.8,UN
Trinidad and Tobago,1985,6.7,UN
Trinidad and Tobago,1995,5.3,UN
Trinidad and Tobago,2004,6.1,UN
Trinidad and Tobago,2005,6.3,UN
Tunisia,1970,6.7,UN
Tunisia,1985,6.7,UN
Tunisia,1995,6.0,UN
Tunisia,2005,7.3,UN
Tunisia,2006,8.0,UN
Turkmenistan,1970,8.6,UN
Turkmenistan,1979,10.2,UN
Turkmenistan,1985,9.8,UN
Turkmenistan,1998,5.4,UN
Turks and Caicos Islands,1972,5.2,UN
Turks and Caicos Islands,1985,5.3,UN
Turks and Caicos Islands,1995,9.9,UN
Turks and Caicos Islands,2004,21.2,UN
Turks and Caicos Islands,2005,20.0,UN
United Arab Emirates,1992,2.6,UN
United Arab Emirates,1995,2.7,UN
United Arab Emirates,2003,3.2,UN
United Arab Emirates,2004,3.2,UN
United States Virgin Islands,1970,18.5,UN
United States Virgin Islands,1985,17.7,UN
United States Virgin Islands,1993,34.2,UN
Uruguay,1970,8.4,UN
Uruguay,1985,7.5,UN
Uruguay,1995,5.4,UN
Uruguay,2005,4.0,UN
Uruguay,2006,3.7,UN
Uzbekistan,1970,9.1,UN
Uzbekistan,1985,11.0,UN
Uzbekistan,1995,7.5,UN
Uzbekistan,2000,6.9,UN
Uzbekistan,2001,6.8,UN
Venezuela,1970,5.6,UN
Venezuela,1985,5.5,UN
Venezuela,1995,3.8,UN
Venezuela,2005,3.2,UN
Venezuela,2006,3.3,UN
Vietnam,2002,11.8,UN
Wallis and Futuna,1970,6.3,UN
Western Sahara,1970,6.6,UN
Yemen,2001,0.5,UN
Yemen,2002,0.6,UN