country,year,men_datavalue,men_dataprocess,men_datacatalogshortname,women_datavalue,women_dataprocess,women_datacatalogshortname
Afghanistan,1972,26,Survey,1972-1974 NDFGS,18.1,Survey,1972-1974 NDFGS
Afghanistan,2015,24.700001,Survey,2015 DHS,21.5,Survey,2015 DHS
Albania,2000,28.5,Survey,2000 MICS_HH,23.9,Survey,2000 MICS
Albania,2002,26.9,Survey,2002 RHS,22.9,Survey,2002 RHS
Albania,2008,28.799999,Survey,2008-2009 DHS,24.6,Survey,2008-2009 DHS
Albania,2017,30.799999,Survey,2017-2018 DHS,24.200001,Survey,2017-2018 DHS
Algeria,2002,33,Survey,2002 MCH,29.5,Survey,2002 MCH
Algeria,2006,33.400002,Survey,2006 MICS,29.700001,Survey,2006 MICS
Algeria,2012,32.400002,Survey,2012 MICS_HH,28.200001,Survey,2012 MICS
American Samoa,1974,26.200001,Census,1974 Census,23.299999,Census,1974 Census
American Samoa,1990,28.299999,Census,1990 Census,25.700001,Census,1990 Census
Angola,2001,24.1,Survey,2001 MICS_HH,20.299999,Survey,2001 MICS
Angola,2015,25.799999,Survey,2015-2016 DHS,21.5,Survey,2015-2016 DHS
Anguilla,2001,31.6,Census,2001 Census,28.6,Census,2001 Census
Antigua and Barbuda,1991,33.200001,Census,1991 Census,33.200001,Census,1991 Census
Antigua and Barbuda,2001,29.299999,Census,2001 Census,25.700001,Census,2001 Census
Argentina,1970,26.4,Census,1970 Census,23.1,Census,1970 Census
Argentina,1991,25.799999,Census,1991 Census,23.299999,Census,1991 Census
Argentina,2001,26.9,Census,2001 Census,24.6,Census,2001 Census
Argentina,2010,26.6,Census,2010 Census,24.6,Census,2010 Census
Armenia,2000,26.1,Survey,2000 DHS,22.200001,Survey,2000 DHS
Armenia,2005,27,Survey,2005 DHS,23,Survey,2005 DHS
Armenia,2010,27.799999,Survey,2010 DHS,24.5,Survey,2010 DHS
Armenia,2015,28.5,Survey,2015 DHS,24.200001,Survey,2015 DHS
Aruba,1981,27.4,Census,1981 Census,25.5,Census,1981 Census
Aruba,1991,28.799999,Census,1991 Census,26.200001,Census,1991 Census
Aruba,2000,29.9,Census,2000 Census,26.799999,Census,2000 Census
Aruba,2010,31.200001,Census,2010 Census,28.5,Census,2010 Census
Australia,1971,24.4,Census,1971 Census,21.5,Census,1971 Census
Australia,1976,24.4,Census,1976 Census,22,Census,1976 Census
Australia,1981,25.700001,Census,1981 Census,23.5,Census,1981 Census
Australia,1986,27.1,Census,1986 Census,24.799999,Census,1986 Census
Australia,1996,29.9,Census,1996 Census,27.700001,Census,1996 Census
Australia,2001,31,Census,2001 Census,28.9,Census,2001 Census
Australia,2006,31.6,Census,2006 Census,29.700001,Census,2006 Census
Australia,2011,31.4,Census,2011 Census,29.9,Census,2011 Census
Australia,2016,31.200001,Census,2016 Census,29.9,Census,2016 Census
Austria,1971,26,Census,1971 Census,21.9,Census,1971 Census
Austria,1981,26.9,Census,1981 Census,23.5,Census,1981 Census
Austria,1991,28.9,Census,1991 Census,26.1,Census,1991 Census
Austria,2001,29.5,Census,2001 Census,26.6,Census,2001 Census
Austria,2011,29.799999,Census,2011 Census,27.1,Census,2011 Census
Azerbaijan,2000,27.299999,Survey,2000 MICS_HH,23.9,Survey,2000 MICS
Azerbaijan,2006,26.700001,Survey,2006 DHS,23.1,Survey,2006 DHS
Bahamas,1970,26,Census,1970 Census,22.4,Census,1970 Census
Bahamas,1980,27.299999,Census,1980 Census,24.799999,Census,1980 Census
Bahamas,1990,29.1,Census,1990 Census,27.200001,Census,1990 Census
Bahamas,2000,29.9,Census,2000 Census,27.4,Census,2000 Census
Bahamas,2010,30.6,Census,2010 Census,27.9,Census,2010 Census
Bahrain,1989,28.799999,Survey,1989 CHS,,N/A,N/A
Bahrain,1995,29.6,Survey,1995 FHS,,N/A,N/A
Bangladesh,1975,24,Survey,1975-1976 WFS,16.700001,Survey,1975-1976 WFS
Bangladesh,2004,25.6,Survey,2004 DHS,18.700001,Survey,2004 DHS
Bangladesh,2007,25.6,Survey,2007 DHS,18.4,Survey,2007 DHS
Bangladesh,2011,25.5,Survey,2011 DHS,18.6,Survey,2011 DHS
Barbados,1970,31.700001,Census,1970 Census,28.5,Census,1970 Census
Barbados,1980,32.700001,Census,1980 Census,30.4,Census,1980 Census
Barbados,1990,34.299999,Census,1990 Census,31.799999,Census,1990 Census
Barbados,2010,34.5,Census,2010 Census,31.9,Census,2010 Census
Belarus,1979,24.6,Census,1979 Census,21.299999,Census,1979 Census
Belarus,1989,24.5,Census,1989 Census,21.9,Census,1989 Census
Belarus,1999,25.4,Census,1999 Census,22.799999,Census,1999 Census
Belarus,2009,26.9,Census,2009 Census,24.6,Census,2009 Census
Belgium,1970,24.200001,Census,1970 Census,21.4,Census,1970 Census
Belgium,1981,24.799999,Census,1981 Census,22.4,Census,1981 Census
Belgium,2001,30.9,Census,2001 Census,28.4,Census,2001 Census
Belgium,2011,28.6,Census,2011 Census,26.299999,Census,2011 Census
Belize,1970,26,Census,1970 Census,22.6,Census,1970 Census
Belize,1980,26.200001,Census,1980 Census,23.9,Census,1980 Census
Belize,1991,28.4,Census,1991 Census,26.200001,Census,1991 Census
Belize,2000,23.700001,Census,2000 Census,21,Census,2000 Census
Belize,2010,30.1,Census,2010 Census,28.6,Census,2010 Census
Benin,2001,26.200001,Survey,2001 DHS,20.299999,Survey,2001 DHS
Benin,2006,25.299999,Survey,2006 DHS,20.5,Survey,2006 DHS
Benin,2011,26.200001,Survey,2011-2012 DHS,21.299999,Survey,2011-2012 DHS
Benin,2014,25.799999,Survey,2014 MICS,21.200001,Survey,2014 MICS
Benin,2017,25.700001,Survey,2017-2018 DHS,20.700001,Survey,2017-2018 DHS
Bermuda,1980,27.9,Census,1980 Census,25.6,Census,1980 Census
Bermuda,1991,30.5,Census,1991 Census,28.9,Census,1991 Census
Bermuda,2000,31.299999,Census,2000 Census,29.799999,Census,2000 Census
Bermuda,2010,31.5,Census,2010 Census,30.6,Census,2010 Census
Bermuda,2016,32.5,Census,2016 Census,31.9,Census,2016 Census
Bhutan,2005,25.4,Census,2005 Census,21.799999,Census,2005 Census
Bhutan,2017,26.4,Census,2017 Census,23.799999,Census,2017 Census
Bolivia,1998,25.4,Survey,1998 DHS,22.799999,Survey,1998 DHS
Bolivia,2000,24.5,Survey,2000 MICS_HH,22.4,Survey,2000 MICS
Bolivia,2003,24.5,Survey,2003 DHS,22.6,Survey,2003 DHS
Bolivia,2008,25.299999,Survey,2008 DHS,22.700001,Survey,2008 DHS
Bosnia and Herzegovina,2000,28,Survey,2000 MICS_HH,23.6,Survey,2000 MICS
Bosnia and Herzegovina,2011,29.4,Survey,2011-2012 MICS,25.700001,Survey,2011-2012 MICS
Botswana,1971,29.5,Census,1971 Census,24.9,Census,1971 Census
Botswana,1981,30.799999,Census,1981 Census,26.4,Census,1981 Census
Botswana,1991,30.9,Census,1991 Census,26.9,Census,1991 Census
Botswana,2001,30.9,Census,2001 Census,26.4,Census,2001 Census
Botswana,2011,29.799999,Census,2011 Census,24.799999,Census,2011 Census
Brazil,1960,26,Census,1960 Census,22.299999,Census,1960 Census
Brazil,1970,26.200001,Census,1970 Census,23,Census,1970 Census
Brazil,1980,25.5,Census,1980 Census,22.700001,Census,1980 Census
Brazil,1991,25.799999,Census,1991 Census,22.5,Census,1991 Census
Brazil,2000,26.200001,Census,2000 Census,23.1,Census,2000 Census
Brazil,2010,26.799999,Census,2010 Census,23.9,Census,2010 Census
British Virgin Islands,1970,28.200001,Census,1970 Census,24.299999,Census,1970 Census
British Virgin Islands,1980,28.200001,Census,1980 Census,26.4,Census,1980 Census
British Virgin Islands,1991,31.9,Census,1991 Census,28.4,Census,1991 Census
Brunei,1971,26.299999,Census,1971 Census,22.4,Census,1971 Census
Brunei,1981,26.5,Census,1981 Census,23.6,Census,1981 Census
Brunei,1991,27.299999,Census,1991 Census,25.1,Census,1991 Census
Brunei,2011,29.299999,Census,2011 Census,26.1,Census,2011 Census
Bulgaria,1975,24.5,Census,1975 Census,20.799999,Census,1975 Census
Bulgaria,1985,24.9,Census,1985 Census,21.1,Census,1985 Census
Bulgaria,2001,27.5,Census,2001 Census,24.200001,Census,2001 Census
Bulgaria,2011,29.799999,Census,2011 Census,26.200001,Census,2011 Census
Burkina Faso,1960,26.4,Survey,1960-1961 ED,16.799999,Survey,1960-1961 ED
Burkina Faso,1984,25.700001,Survey,1984 ED,18.5,Survey,1984 ED
Burkina Faso,1991,27.6,Survey,1991 ED,19,Survey,1991 ED
Burkina Faso,1992,26,Survey,1993 DHS,18.200001,Survey,1993 DHS
Burkina Faso,1998,26.4,Survey,1998-1999 DHS,18.9,Survey,1998-1999 DHS
Burkina Faso,2003,26.1,Survey,2003 DHS,19.4,Survey,2003 DHS
Burkina Faso,2010,25.299999,Survey,2010 DHS-MICS,19.5,Survey,2010 DHS-MICS
Burkina Faso,2017,26.4,Survey,2017 MIS,20,Survey,2017 MIS
Burundi,1970,23.700001,Survey,1970-1971 DS,21.700001,Survey,1970-1971 DS
Burundi,2000,26.200001,Survey,2000 MICS_HH,23.4,Survey,2000 MICS_HH
Burundi,2002,26.1,Survey,2002 Survey,23.700001,Survey,2002 Survey
Burundi,2005,25.5,Survey,2005 MICS_HH,21.6,Survey,2005 MICS
Burundi,2010,25.4,Survey,2010 DHS,22.1,Survey,2010 DHS
Burundi,2016,26.1,Survey,2016 DHS,22.799999,Survey,2016 DHS
Cape Verde,1960,27.6,Census,1960 Census,23.299999,Census,1960 Census
Cape Verde,1970,29.200001,Census,1970 Census,22,Census,1970 Census
Cape Verde,1980,27.299999,Census,1980 Census,23.6,Census,1980 Census
Cape Verde,1990,28.1,Census,1990 Census,25.700001,Census,1990 Census
Cape Verde,2000,28.799999,Census,2000 Census,24.6,Census,2000 Census
Cambodia,2004,24.6,Survey,2004 ICPS,22.799999,Survey,2004 ICPS
Cambodia,2005,24.4,Survey,2005 DHS,22.6,Survey,2005 DHS
Cambodia,2010,24.9,Survey,2010 DHS,22,Survey,2010 DHS
Cambodia,2014,24.5,Survey,2014 DHS,21.6,Survey,2014 DHS
Cameroon,1998,26.700001,Survey,1998 DHS,20.200001,Survey,1998 DHS
Cameroon,2000,28.1,Survey,2000 MICS_HH,22.700001,Survey,2000 MICS_HH
Cameroon,2004,25,Survey,2004 DHS,20.1,Survey,2004 DHS
Cameroon,2011,27.200001,Survey,2011 DHS-MICS,21.299999,Survey,2011 DHS-MICS
Cameroon,2014,28.5,Survey,2014 MICS,22.200001,Survey,2014 MICS
Canada,1971,24.4,Census,1971 Census,22,Census,1971 Census
Canada,1976,24.4,Census,1976 Census,22.299999,Census,1976 Census
Canada,1981,25.200001,Census,1981 Census,23.1,Census,1981 Census
Canada,1986,26.5,Census,1986 Census,24.299999,Census,1986 Census
Canada,1991,29.4,Census,1991 Census,27.1,Census,1991 Census
Canada,1996,28.5,Census,1996 Census,26,Census,1996 Census
Canada,2001,28.700001,Census,2001 Census,26.299999,Census,2001 Census
Canada,2006,28.6,Census,2006 Census,26.6,Census,2006 Census
Canada,2011,28.6,Census,2011 Census,26.9,Census,2011 Census
Canada,2016,28.700001,Census,2016 Census,27.200001,Census,2016 Census
Cayman Islands,1970,25.4,Census,1970 Census,19.700001,Census,1970 Census
Cayman Islands,1979,27.299999,Census,1979 Census,25.5,Census,1979 Census
Cayman Islands,1989,27.6,Census,1989 Census,25.200001,Census,1989 Census
Cayman Islands,2010,29.9,Census,2010 Census,28,Census,2010 Census
Central African Republic,1994,24.4,Survey,1994-1995 DHS,19.4,Survey,1994-1995 DHS
Central African Republic,2000,24.799999,Survey,2000 MICS_HH,17.9,Survey,2000 MICS
Central African Republic,2010,21.700001,Survey,2010 MICS,17.299999,Survey,2010 MICS
Chad,1996,24.1,Survey,1996-1997 DHS,18.1,Survey,1996-1997 DHS
Chad,2000,25.200001,Survey,2000 MICS_HH,18.299999,Survey,2000 MICS
Chad,2004,24.5,Survey,2004 DHS,18.4,Survey,2004 DHS
Chad,2014,24.700001,Survey,2014-2015 DHS-MICS,18.799999,Survey,2014-2015 DHS-MICS
Channel Islands,1981,26.5,Census,1981 Census,24.6,Census,1981 Census
Channel Islands,1986,28.200001,Census,1986 Census,26.799999,Census,1986 Census
Channel Islands,1991,29.299999,Census,1991 Census,28.200001,Census,1991 Census
Channel Islands,2001,31.299999,Census,2001 Census,29.700001,Census,2001 Census
Chile,1970,25.700001,Census,1970 Census,23.4,Census,1970 Census
Chile,1982,25.700001,Census,1982 Census,23.6,Census,1982 Census
Chile,1992,25.799999,Census,1992 Census,23.4,Census,1992 Census
Chile,2002,27.700001,Census,2002 Census,24.6,Census,2002 Census
China,1995,24.200001,Survey,1995 One-percent Survey,22.6,Survey,1995 One-percent Survey
China,2005,25.6,Survey,2005 One-percent Survey,23.5,Survey,2005 One-percent Survey
China,2013,26.200001,Survey,2013 Annual APC,24.4,Survey,2013 Annual APC
China,2015,26.9,Survey,2015 Annual APC,24.799999,Survey,2015 Annual APC
China,2016,27.1,Survey,2016 Annual APC,25.4,Survey,2016 Annual APC
Hong Kong,1971,30.200001,Census,1971 Census,23.799999,Census,1971 Census
Hong Kong,1981,28.700001,Census,1981 Census,25.299999,Census,1981 Census
Hong Kong,1986,29.200001,Census,1986 Census,26.6,Census,1986 Census
Hong Kong,1991,30,Census,1991 Census,27.700001,Census,1991 Census
Hong Kong,1996,30.700001,Census,1996 Census,28.6,Census,1996 Census
Hong Kong,2001,31.6,Census,2001 Census,29.5,Census,2001 Census
Hong Kong,2006,32.799999,Census,2006 Census,30.299999,Census,2006 Census
Hong Kong,2011,32.700001,Census,2011 Census,30.299999,Census,2011 Census
Hong Kong,2016,32.099998,Census,2016 Census,29.9,Census,2016 Census
Macao,1970,29,Census,1970 Census,25.6,Census,1970 Census
Macao,1981,29.6,Census,1981 Census,26.9,Census,1981 Census
Macao,1991,28.1,Census,1991 Census,26.4,Census,1991 Census
Macao,2001,29.5,Census,2001 Census,27.9,Census,2001 Census
Macao,2006,29.799999,Census,2006 Census,28,Census,2006 Census
Macao,2011,32.700001,Census,2011 Census,30.299999,Census,2011 Census
Taiwan,1980,25.299999,Census,1980 Census,23.799999,Census,1980 Census
Taiwan,1990,28.799999,Census,1990 Census,25.9,Census,1990 Census
Taiwan,2000,30.5,Census,2000 Census,27.6,Census,2000 Census
Colombia,1995,26.799999,Survey,1995 DHS,22.200001,Survey,1995 DHS
Colombia,2000,27,Survey,2000 DHS,23.1,Survey,2000 DHS
Colombia,2004,26.9,Survey,2005 DHS,23,Survey,2005 DHS
Colombia,2009,26.799999,Survey,2010 DHS,22.299999,Survey,2010 DHS
Colombia,2015,26.200001,Survey,2015 DHS,22.700001,Survey,2015 DHS
Comoros,1996,28.5,Survey,1996 DHS,23.6,Survey,1996 DHS
Comoros,2000,26.799999,Survey,2000 MICS_HH,20.799999,Survey,2000 MICS
Comoros,2012,25.5,Survey,2012 DHS-MICS,22.6,Survey,2012 DHS-MICS
Congo,2005,25.799999,Survey,2005 DHS,21.9,Survey,2005 DHS
Congo,2009,26,Survey,2009 AIS,21.1,Survey,2009 AIS
Congo,2011,26.9,Survey,2011-2012 DHS,21.299999,Survey,2011-2012 DHS
Congo,2014,27.5,Survey,2014-2015 MICS,21.9,Survey,2014-2015 MICS
Cook Islands,1971,23.6,Census,1971 Census,23.1,Census,1971 Census
Cook Islands,1976,24.299999,Census,1976 Census,24.4,Census,1976 Census
Cook Islands,1981,26.200001,Census,1981 Census,25.6,Census,1981 Census
Cook Islands,1986,28.5,Census,1986 Census,27.700001,Census,1986 Census
Cook Islands,1996,31.200001,Census,1996 Census,29.6,Census,1996 Census
Cook Islands,2006,27.9,Census,2006 Census,28,Census,2006 Census
Costa Rica,1973,25.4,Census,1973 Census,21.700001,Census,1973 Census
Costa Rica,1984,25.1,Census,1984 Census,22.200001,Census,1984 Census
Costa Rica,2000,26,Census,2000 Census,22.200001,Census,2000 Census
Costa Rica,2011,27,Census,2011 Census,23.9,Census,2011 Census
Croatia,1991,28,Census,1991 Census,23.799999,Census,1991 Census
Croatia,2001,29.799999,Census,2001 Census,26.200001,Census,2001 Census
Croatia,2011,30.200001,Census,2011 Census,27.4,Census,2011 Census
Cuba,1970,23.4,Census,1970 Census,19.5,Census,1970 Census
Cuba,1981,23.5,Census,1981 Census,19.799999,Census,1981 Census
Cuba,2002,25.299999,Census,2002 Census,21.1,Census,2002 Census
Cuba,2012,25.4,Census,2012 Census,21.299999,Census,2012 Census
Cyprus,1973,25.9,Census,1973 Census,24.200001,Census,1973 Census
Cyprus,1976,26.299999,Census,1976 Census,24.200001,Census,1976 Census
Cyprus,1992,27,Census,1992 Census,23.1,Census,1992 Census
Cyprus,2001,28.700001,Census,2001 Census,25.200001,Census,2001 Census
Cyprus,2011,29.299999,Census,2011 Census,26.4,Census,2011 Census
Czech Republic,1970,24.299999,Census,1970 Census,21.200001,Census,1970 Census
Czech Republic,1980,24.6,Census,1980 Census,21.299999,Census,1980 Census
Czech Republic,1991,25.200001,Census,1991 Census,21.9,Census,1991 Census
Czech Republic,2001,28.6,Census,2001 Census,25.799999,Census,2001 Census
Czech Republic,2011,31.1,Census,2011 Census,28.5,Census,2011 Census
Cote d'Ivoire,1994,28.1,Survey,1994 DHS,20.9,Survey,1994 DHS
Cote d'Ivoire,1998,28,Survey,1998-1999 DHS,21.9,Survey,1998-1999 DHS
Cote d'Ivoire,2000,29.200001,Survey,2000 MICS_HH,22.799999,Survey,2000 MICS
Cote d'Ivoire,2005,27.299999,Survey,2005 EIS,21.700001,Survey,2005 EIS
Cote d'Ivoire,2011,28,Survey,2011-2012 DHS-MICS,22.299999,Survey,2011-2012 DHS-MICS
Cote d'Ivoire,2016,29.200001,Survey,2016 MICS,23,Survey,2016 MICS
North Korea,2008,29,Census,2008 Census,25.5,Census,2008 Census
Democratic Republic of Congo,1991,24.6,Survey,1991 Survey,19.700001,Survey,1991 Survey
Democratic Republic of Congo,2001,26.799999,Survey,2001 MICS_HH,21,Survey,2001 MICS
Democratic Republic of Congo,2007,25.200001,Survey,2007 DHS,20.799999,Survey,2007 DHS
Democratic Republic of Congo,2013,25.5,Survey,2013-2014 DHS,20.9,Survey,2013-2014 DHS
Denmark,1970,25.1,Census,1970 Census,22.1,Census,1970 Census
Denmark,1981,28.4,Census,1981 Census,25.6,Census,1981 Census
Denmark,1991,27.299999,Census,1991 Census,24.5,Census,1991 Census
Denmark,2011,27.4,Census,2011 Census,25.4,Census,2011 Census
Djibouti,1991,29.299999,Survey,1991 ICS,26.799999,Survey,1991 ICS
Djibouti,2002,30.799999,Survey,2002 FHS,27.700001,Survey,2002 FHS
Djibouti,2012,33,Survey,2012 FHS,29.9,Survey,2012 FHS
Dominica,1970,32.5,Census,1970 Census,29.6,Census,1970 Census
Dominica,1981,33.299999,Census,1981 Census,30.799999,Census,1981 Census
Dominica,1991,35.400002,Census,1991 Census,31.6,Census,1991 Census
Dominica,2001,36.5,Census,2001 Census,32.5,Census,2001 Census
Dominican Republic,1996,25.5,Survey,1996 DHS,21.299999,Survey,1996 DHS
Dominican Republic,1999,24.299999,Survey,1999 DHS,21.6,Survey,1999 DHS
Dominican Republic,2000,26.1,Survey,2000 MICS_HH,21.4,Survey,2000 MICS
Dominican Republic,2007,25.4,Survey,2007 DHS,21,Survey,2007 DHS
Dominican Republic,2013,24.799999,Survey,2013 DHS,21,Survey,2013 DHS
Ecuador,1974,25,Census,1974 Census,,N/A,N/A
Ecuador,1982,24.799999,Census,1982 Census,,N/A,N/A
Ecuador,1990,25.200001,Census,1990 Census,,N/A,N/A
Ecuador,2001,24.6,Census,2001 Census,,N/A,N/A
Ecuador,2010,25,Census,2010 Census,,N/A,N/A
Egypt,1980,27,Survey,1980 WFS,21.4,Survey,1980 WFS
Egypt,1992,28,Survey,1992 DHS,22.4,Survey,1992 DHS
Egypt,1995,28.1,Survey,1995 DHS,22.299999,Survey,1995 DHS
Egypt,2000,28.200001,Survey,2000 DHS,22.700001,Survey,2000 DHS
Egypt,2003,28.299999,Survey,2003 DHS Interim,22.700001,Survey,2003 DHS Interim
Egypt,2005,28,Survey,2005 DHS,23,Survey,2005 DHS
Egypt,2008,27.700001,Survey,2008 DHS,22.700001,Survey,2008 DHS
Egypt,2014,27.5,Survey,2014 DHS,22,Survey,2014 DHS
El Salvador,1971,24.700001,Census,1971 Census,,N/A,N/A
El Salvador,1992,25.299999,Census,1992 Census,,N/A,N/A
El Salvador,2007,25.5,Census,2007 Census,,N/A,N/A
Equatorial Guinea,2000,28.799999,Survey,2000 MICS_HH,21.299999,Survey,2000 MICS
Equatorial Guinea,2011,26.1,Survey,2011 DHS,20.5,Survey,2011 DHS
Eritrea,1995,25.299999,Survey,1995 DHS,19.5,Survey,1995 DHS
Eritrea,2002,29.1,Survey,2002 DHS,20.6,Survey,2002 DHS
Estonia,2000,26.700001,Census,2000 Census,24.5,Census,2000 Census
Estonia,2011,28.6,Census,2011-2012 Census,25.700001,Census,2011-2012 Census
Swaziland,2000,30.1,Survey,2000 MICS_HH,23.799999,Survey,2000 MICS
Swaziland,2006,30,Survey,2006-2007 DHS,26,Survey,2006-2007 DHS
Ethiopia,1964,26.200001,Survey,1964-1967 NSS Rural,19,Survey,1964-1967 NSS Rural
Ethiopia,1968,22.9,Survey,1968-1971 NSS Rural,16.799999,Survey,1968-1971 NSS Rural
Ethiopia,1981,23.799999,Survey,1981 DS,17.6,Survey,1981 DS
Ethiopia,2000,25.799999,Survey,2000 DHS,20.6,Survey,2000 DHS
Ethiopia,2005,25.700001,Survey,2005 DHS,20.9,Survey,2005 DHS
Ethiopia,2010,25.700001,Survey,2011 DHS,21.200001,Survey,2011 DHS
Ethiopia,2016,25.799999,Survey,2016 DHS,21.299999,Survey,2016 DHS
Faeroe Islands,1970,26,Census,1970 Census,21.4,Census,1970 Census
Faeroe Islands,1977,27.200001,Census,1977 Census,23.6,Census,1977 Census
Faeroe Islands,2011,33.299999,Census,2011 Census,30.700001,Census,2011 Census
Falkland Islands,2016,29.799999,Census,2016 Census,29,Census,2016 Census
Fiji,1976,24.700001,Census,1976 Census,21.700001,Census,1976 Census
Fiji,1986,25.299999,Census,1986 Census,22.5,Census,1986 Census
Fiji,2007,27.700001,Census,2007 Census,24.1,Census,2007 Census
Finland,1970,25.6,Census,1970 Census,22.5,Census,1970 Census
Finland,1975,26,Census,1975 Census,23.299999,Census,1975 Census
Finland,1980,27.1,Census,1980 Census,24.6,Census,1980 Census
Finland,1985,28.5,Census,1985 Census,26.1,Census,1985 Census
Finland,1990,30.299999,Census,1990 Census,27.9,Census,1990 Census
Finland,2000,32.400002,Census,2000 Census,30.299999,Census,2000 Census
Finland,2010,31.9,Census,2010 Census,30.200001,Census,2010 Census
France,1975,25.299999,Census,1975 Census,23,Census,1975 Census
France,1982,26.4,Census,1982 Census,24.4,Census,1982 Census
France,1990,29.799999,Census,1990 Census,27.700001,Census,1990 Census
France,1999,32.200001,Census,1999 Census,30.1,Census,1999 Census
France,2009,27.700001,Census,2011 Census,25.6,Census,2011 Census
French Guiana,1982,30.200001,Census,1982 Census,27.5,Census,1982 Census
French Guiana,1999,34.200001,Census,1999 Census,31.700001,Census,1999 Census
French Guiana,2006,33.700001,Census,2006 Census,32,Census,2006 Census
French Polynesia,1977,28.5,Census,1977 Census,25.799999,Census,1977 Census
French Polynesia,1996,32.099998,Census,1996 Census,29.9,Census,1996 Census
French Polynesia,2007,35.5,Census,2007 Census,33.099998,Census,2007 Census
French Polynesia,2012,35.799999,Census,2012 Census,33.799999,Census,2012 Census
Gabon,2000,26.200001,Survey,2000 DHS,22.1,Survey,2000 DHS
Gabon,2012,27.799999,Survey,2012 DHS,22.9,Survey,2012 DHS
Gambia,2000,29,Survey,2000 MICS_HH,20.4,Survey,2000 MICS
Gambia,2013,29.700001,Survey,2013 DHS,21.5,Survey,2013 DHS
Georgia,1979,26,Census,1979 Census,22.5,Census,1979 Census
Georgia,1989,26.1,Census,1989 Census,22.4,Census,1989 Census
Georgia,2002,28,Census,2002 Census,23.700001,Census,2002 Census
Georgia,2014,27.4,Census,2014 Census,22.799999,Census,2014 Census
Germany,1987,29,Census,1987 Census,26,Census,1987 Census
Germany,2011,29.799999,Census,2011 Census,27.299999,Census,2011 Census
Ghana,1993,26.200001,Survey,1993 DHS,20.5,Survey,1993 DHS
Ghana,1998,26.6,Survey,1998 DHS,21,Survey,1998 DHS
Ghana,2003,26.6,Survey,2003 DHS,22.4,Survey,2003 DHS
Ghana,2008,27.700001,Survey,2008 DHS,23.4,Survey,2008 DHS
Ghana,2011,27.9,Survey,2011 MICS,23.799999,Survey,2011 MICS
Ghana,2014,27.799999,Survey,2014 DHS,24.5,Survey,2014 DHS
Gibraltar,1970,25.9,Census,1970 Census,21.5,Census,1970 Census
Gibraltar,1981,24.799999,Census,1981 Census,21.1,Census,1981 Census
Gibraltar,1991,26.299999,Census,1991 Census,23.200001,Census,1991 Census
Gibraltar,2001,29.299999,Census,2001 Census,26.799999,Census,2001 Census
Gibraltar,2012,31.799999,Census,2012 Census,29.1,Census,2012 Census
Greece,1981,27.6,Census,1981 Census,22.5,Census,1981 Census
Greece,1991,29.4,Census,1991 Census,24.5,Census,1991 Census
Greece,2001,31.299999,Census,2001 Census,26.9,Census,2001 Census
Greece,2011,32.799999,Census,2011 Census,29.200001,Census,2011 Census
Greenland,1970,29.299999,Census,1970 Census,25,Census,1970 Census
Greenland,1976,31,Census,1976 Census,26.9,Census,1976 Census
Grenada,1970,31.5,Census,1970 Census,28.200001,Census,1970 Census
Grenada,1981,33.299999,Census,1981 Census,29.4,Census,1981 Census
Grenada,1991,34.400002,Census,1991 Census,31,Census,1991 Census
Guadeloupe,1982,29.6,Census,1982 Census,26.6,Census,1982 Census
Guadeloupe,1999,34.200001,Census,1999 Census,31.6,Census,1999 Census
Guatemala,1973,23.700001,Census,1973 Census,,N/A,N/A
Guatemala,1981,23.6,Census,1981 Census,,N/A,N/A
Guatemala,1994,23.6,Census,1994 Census,,N/A,N/A
Guatemala,2018,25,Census,2018 Census,,N/A,N/A
Guinea,1992,26.1,Survey,1992  DHS,18.9,Survey,1992  DHS
Guinea,1999,27.700001,Survey,1999 DHS,18.700001,Survey,1999 DHS
Guinea,2005,26.299999,Survey,2005 DHS,19.299999,Survey,2005 DHS
Guinea,2012,27.9,Survey,2012 DHS,20.6,Survey,2012 DHS
Guinea-Bissau,1960,28,Census,1960 Census,,N/A,N/A
Guinea-Bissau,1979,26.6,Census,1979 Census,,N/A,N/A
Guinea-Bissau,1991,28.1,Census,1991 Census,,N/A,N/A
Guyana,2000,27.200001,Survey,2000 MICS_HH,20.200001,Survey,2000 MICS
Guyana,2005,26.200001,Survey,2005 AIS,22.700001,Survey,2005 AIS
Guyana,2009,25.4,Survey,2009 DHS,21.5,Survey,2009 DHS
Guyana,2014,21.299999,Survey,2014 MICS,19.200001,Survey,2014 MICS
Haiti,1994,26.6,Survey,1994-1995 DHS,22.200001,Survey,1994-1995 DHS
Haiti,2000,27.200001,Survey,2000 DHS,22.200001,Survey,2000 DHS
Haiti,2005,27.5,Survey,2005-2006 DHS,22.200001,Survey,2005-2006 DHS
Haiti,2012,28.299999,Survey,2012 DHS-MICS,23.700001,Survey,2012 DHS-MICS
Haiti,2016,28.700001,Survey,2016 DHS,24.9,Survey,2016 DHS
Honduras,1974,24.4,Census,1974 Census,,N/A,N/A
Honduras,1988,24.700001,Census,1988 Census,,N/A,N/A
Honduras,2001,24.700001,Census,2001 Census,,N/A,N/A
Hungary,1970,24.799999,Census,1970 Census,20.9,Census,1970 Census
Hungary,1980,24.799999,Census,1980 Census,21,Census,1980 Census
Hungary,1990,25.700001,Census,1990 Census,22.200001,Census,1990 Census
Hungary,2001,28.700001,Census,2001 Census,25.799999,Census,2001 Census
Hungary,2011,30.5,Census,2011 Census,28,Census,2011 Census
Iceland,2011,29.6,Census,2011 Census,27.5,Census,2011 Census
India,1971,22.700001,Census,1971 Census,17.700001,Census,1971 Census
India,1981,23.4,Census,1981 Census,18.700001,Census,1981 Census
India,1991,24,Census,1991 Census,19.299999,Census,1991 Census
India,2001,24.799999,Census,2001 Census,20.200001,Census,2001 Census
India,2011,24.9,Census,2011 Census,20.700001,Census,2011 Census
Indonesia,1976,23.799999,Survey,1976 WFS,19.4,Survey,1976 WFS
Indonesia,1985,24.799999,Survey,1985 IPS,21.1,Survey,1985 IPS
Indonesia,1995,25.799999,Survey,1995 SUPAS,22.200001,Survey,1995 SUPAS
Indonesia,2002,25.9,Survey,2002-2003 DHS,22.1,Survey,2002-2003 DHS
Indonesia,2005,27,Survey,2005 SUPAS,23.4,Survey,2005 SUPAS
Indonesia,2007,26.9,Survey,2007 DHS,22.299999,Survey,2007 DHS
Indonesia,2017,27.1,Survey,2017 DHS,22.4,Survey,2017 DHS
Iran,1976,24.200001,Census,1976 Census,19.700001,Census,1976 Census
Iran,1986,23.799999,Census,1986 Census,20.200001,Census,1986 Census
Iran,1991,24.4,Census,1991 Census,21.1,Census,1991 Census
Iran,1996,25.299999,Census,1996 Census,22.1,Census,1996 Census
Iran,2006,26.4,Census,2006 Census,23.5,Census,2006 Census
Iran,2011,26.799999,Census,2011 Census,23.5,Census,2011 Census
Iran,2016,27.5,Census,2016 Census,23.1,Census,2016 Census
Iraq,2000,28,Survey,2000 MICS_HH,25.299999,Survey,2000 MICS
Iraq,2004,28.200001,Survey,2004 LCS,25.299999,Survey,2004 LCS
Iraq,2012,26.200001,Survey,2012 PMMS,22.700001,Survey,2012 PMMS
Ireland,1971,25.799999,Census,1971 Census,23.5,Census,1971 Census
Ireland,1979,24.200001,Census,1979 Census,23.1,Census,1979 Census
Ireland,1981,24.4,Census,1981 Census,23.4,Census,1981 Census
Ireland,1986,26.1,Census,1986 Census,25,Census,1986 Census
Ireland,1991,27.9,Census,1991 Census,26.700001,Census,1991 Census
Ireland,1996,30,Census,1996 Census,28.700001,Census,1996 Census
Ireland,2002,31.9,Census,2002 Census,30.700001,Census,2002 Census
Ireland,2006,32.400002,Census,2006 Census,31.4,Census,2006 Census
Ireland,2011,29.700001,Census,2011 Census,28.5,Census,2011 Census
Ireland,2016,33.400002,Census,2016 Census,32.400002,Census,2016 Census
Isle of Man,1981,25.700001,Census,1981 Census,23.200001,Census,1981 Census
Isle of Man,1991,28.799999,Census,1991 Census,26.4,Census,1991 Census
Isle of Man,2001,31.200001,Census,2001 Census,29.299999,Census,2001 Census
Isle of Man,2011,32.799999,Census,2011 Census,30.700001,Census,2011 Census
Israel,1972,25.4,Census,1972 Census,22.799999,Census,1972 Census
Israel,1983,26.1,Census,1983 Census,23.5,Census,1983 Census
Israel,1995,27.6,Census,1995 Census,24.6,Census,1995 Census
Italy,1971,27.200001,Census,1971 Census,22.6,Census,1971 Census
Italy,1981,27.1,Census,1981 Census,23.200001,Census,1981 Census
Italy,1991,29.299999,Census,1991 Census,26.1,Census,1991 Census
Italy,2001,32,Census,2001 Census,28.9,Census,2001 Census
Italy,2011,32.400002,Census,2011 Census,29.200001,Census,2011 Census
Jamaica,1970,33,Census,1970 Census,,N/A,N/A
Jamaica,1982,33.799999,Census,1982 Census,,N/A,N/A
Jamaica,1991,34.599998,Census,1991 Census,,N/A,N/A
Japan,1970,27.5,Census,1970 Census,24.700001,Census,1970 Census
Japan,1975,27.6,Census,1975 Census,24.5,Census,1975 Census
Japan,1980,28.700001,Census,1980 Census,25.1,Census,1980 Census
Japan,1985,29.6,Census,1985 Census,25.799999,Census,1985 Census
Japan,1990,30.299999,Census,1990 Census,26.9,Census,1990 Census
Japan,1995,30.700001,Census,1995 Census,27.700001,Census,1995 Census
Japan,2000,30.799999,Census,2000 Census,28.6,Census,2000 Census
Japan,2005,31.1,Census,2005 Census,29.4,Census,2005 Census
Japan,2010,31.200001,Census,2010 Census,29.700001,Census,2010 Census
Japan,2015,30.5,Census,2015 Census,29.200001,Census,2015 Census
Jordan,1976,26.200001,Survey,1976 WFS,21.5,Survey,1976 WFS
Jordan,1990,27.200001,Survey,1990 DHS,24.1,Survey,1990 DHS
Jordan,1997,28.6,Survey,1997 DHS,25.299999,Survey,1997 DHS
Jordan,2002,29.4,Survey,2002 DHS,25.9,Survey,2002 DHS
Jordan,2007,29.5,Survey,2007 DHS,25.799999,Survey,2007 DHS
Jordan,2009,29.200001,Survey,2009 DHS Interim,24.700001,Survey,2009 DHS Interim
Jordan,2012,29.799999,Survey,2012 DHS,25,Survey,2012 DHS
Jordan,2017,30.9,Survey,2017-2018 DHS,24.6,Survey,2017-2018 DHS
Kazakhstan,1979,24.1,Census,1979 Census,,N/A,N/A
Kazakhstan,1989,24.6,Census,1989 Census,,N/A,N/A
Kazakhstan,1999,26.1,Census,1999 Census,,N/A,N/A
Kazakhstan,2009,27.6,Census,2009 Census,,N/A,N/A
Kenya,1998,26.299999,Survey,1998 DHS,21.700001,Survey,1998 DHS
Kenya,2000,25.200001,Survey,2000 MICS_HH,22.1,Survey,2000 MICS_HH
Kenya,2003,26.299999,Survey,2003 DHS,21.4,Survey,2003 DHS
Kenya,2008,26.6,Survey,2008-2009 DHS,21.9,Survey,2008-2009 DHS
Kenya,2014,26.299999,Survey,2014 DHS,21.9,Survey,2014 DHS
Kiribati,1973,24.200001,Census,1973 Census,20.9,Census,1973 Census
Kiribati,1978,23.799999,Census,1978 Census,20.799999,Census,1978 Census
Kiribati,1985,24.200001,Census,1985 Census,21.1,Census,1985 Census
Kiribati,1990,24.5,Census,1990 Census,21.5,Census,1990 Census
Kiribati,1995,24.799999,Census,1995 Census,21.700001,Census,1995 Census
Kiribati,2005,24.700001,Census,2005 Census,22.200001,Census,2005 Census
Kiribati,2010,24.1,Census,2010 Census,21.6,Census,2010 Census
Korea,1970,27.200001,Census,1970 Census,23.299999,Census,1970 Census
Korea,1975,27.4,Census,1975 Census,23.700001,Census,1975 Census
Korea,1980,27.299999,Census,1980 Census,24.1,Census,1980 Census
Korea,1985,27.799999,Census,1985 Census,24.700001,Census,1985 Census
Korea,1990,28.5,Census,1990 Census,25.4,Census,1990 Census
Korea,1995,29.299999,Census,1995 Census,26.1,Census,1995 Census
Korea,2000,30.299999,Census,2000 Census,27.1,Census,2000 Census
Korea,2005,32,Census,2005 Census,28.799999,Census,2005 Census
Korea,2010,33.200001,Census,2010 Census,30.200001,Census,2010 Census
Korea,2015,33.900002,Census,2015 Census,31.5,Census,2015 Census
Kosovo,2011,28.200001,Census,2011 Census,25.200001,Census,2011 Census
Kuwait,1970,26.5,Census,1970 Census,19.6,Census,1970 Census
Kuwait,1975,26.4,Census,1975 Census,20.5,Census,1975 Census
Kuwait,1980,26.799999,Census,1980 Census,21.700001,Census,1980 Census
Kuwait,1985,26.299999,Census,1985 Census,22.9,Census,1985 Census
Kuwait,1995,28.5,Census,1995 Census,27,Census,1995 Census
Kuwait,2005,28.9,Census,2005 Census,27.5,Census,2005 Census
Kuwait,2011,27.799999,Census,2011 Census,25.700001,Census,2011 Census
Kyrgyzstan,1979,23.700001,Census,1979 Census,,N/A,N/A
Kyrgyzstan,1989,24,Census,1989 Census,,N/A,N/A
Kyrgyzstan,1999,25,Census,1999 Census,,N/A,N/A
Kyrgyzstan,2009,26.299999,Census,2009 Census,,N/A,N/A
Laos,2000,23.200001,Survey,2000 MICS_HH,20.5,Survey,2000 RHS
Laos,2011,23.299999,Survey,2011-2012 DHS-MICS Special,20.5,Survey,2011-2012 DHS-MICS Special
Laos,2017,24.6,Survey,2017 DHS-MICS Special,20.700001,Survey,2017 DHS-MICS Special
Latvia,1979,24.700001,Census,1979 Census,21.9,Census,1979 Census
Latvia,1989,24.299999,Census,1989 Census,22.200001,Census,1989 Census
Latvia,2000,28.6,Census,2000 Census,26.700001,Census,2000 Census
Latvia,2011,30,Census,2011 Census,27.200001,Census,2011 Census
Lebanon,1997,31.4,Survey,1997 HLCS,27.9,Survey,1997 HLCS
Lebanon,2004,31.4,Survey,2004 HLCS,27.4,Survey,2004 HLCS
Lebanon,2007,32.299999,Survey,2007 LCS,28.299999,Survey,2007 LCS
Lesotho,2000,26.700001,Survey,2000 MICS_HH,21.700001,Survey,2000 MICS
Lesotho,2001,27.700001,Survey,2001 DS,23.9,Survey,2001 DS
Lesotho,2002,26.200001,Survey,2002 RHS,21.9,Survey,2002 RHS
Lesotho,2004,27.200001,Survey,2004 DHS,22.5,Survey,2004 DHS
Lesotho,2009,27,Survey,2009 DHS,22.5,Survey,2009 DHS
Lesotho,2011,28.5,Survey,2011 DS,24.4,Survey,2011 DS
Lesotho,2014,28,Survey,2014 DHS,22.200001,Survey,2014 DHS
Liberia,1974,26.6,Census,1974 Census,,N/A,N/A
Liberia,1984,26.9,Census,1984 Census,,N/A,N/A
Liberia,2008,27.200001,Census,2008 Census,,N/A,N/A
Libya,1973,24.6,Census,1973 Census,18.700001,Census,1973 Census
Libya,1984,27.4,Census,1984 Census,23,Census,1984 Census
Liechtenstein,1980,26.9,Census,1980 Census,24,Census,1980 Census
Liechtenstein,2010,32.599998,Census,2010 Census,29.700001,Census,2010 Census
Lithuania,1989,24.700001,Census,1989 Census,22.299999,Census,1989 Census
Lithuania,2001,26.9,Census,2001 Census,24.799999,Census,2001 Census
Lithuania,2011,28.9,Census,2011 Census,26.1,Census,2011 Census
Luxembourg,1970,25.6,Census,1970 Census,21.4,Census,1970 Census
Luxembourg,1981,26.200001,Census,1981 Census,23.1,Census,1981 Census
Luxembourg,1991,28.5,Census,1991 Census,26,Census,1991 Census
Luxembourg,2001,30.6,Census,2001 Census,27.799999,Census,2001 Census
Luxembourg,2011,30.4,Census,2011 Census,27.9,Census,2011 Census
Madagascar,2000,23.9,Survey,2000 MICS_HH,19.799999,Survey,2000 MICS
Madagascar,2003,24.1,Survey,2003-2004 DHS,19.799999,Survey,2003-2004 DHS
Madagascar,2008,22.4,Survey,2008-2009 DHS,19,Survey,2008-2009 DHS
Malawi,1970,24.200001,Survey,1970-1972 PCS,19.1,Survey,1970-1972 PCS
Malawi,1982,23.200001,Survey,1982 MDS,18.200001,Survey,1982 MDS
Malawi,1996,26.4,Survey,1996 KAP Survey,,N/A,N/A
Malawi,2000,23.5,Survey,2000 DHS,18.9,Survey,2000 DHS
Malawi,2004,23.6,Survey,2004 DHS,18.9,Survey,2004 DHS
Malawi,2010,23.9,Survey,2010 DHS,19.700001,Survey,2010 DHS
Malawi,2013,24.6,Survey,2013-2014 MICS,19.799999,Survey,2013-2014 MICS
Malawi,2015,23.700001,Survey,2015-2016 DHS,19.9,Survey,2015-2016 DHS
Malaysia,1991,27.9,Census,1991 Census,24.6,Census,1991 Census
Malaysia,2000,28.6,Census,2000 Census,25.1,Census,2000 Census
Malaysia,2010,28,Census,2010 Census,25.700001,Census,2010 Census
Maldives,1977,22.4,Census,1977 Census,17.5,Census,1977 Census
Maldives,1985,22.1,Census,1985 Census,17.9,Census,1985 Census
Maldives,1990,23.200001,Census,1990 Census,19.1,Census,1990 Census
Maldives,1995,24,Census,1995 Census,18.9,Census,1995 Census
Maldives,2000,25.700001,Census,2000 Census,21.799999,Census,2000 Census
Maldives,2014,25.799999,Census,2014 Census,22.5,Census,2014 Census
Mali,1960,26.4,Survey,1960-1961 ED,16.200001,Survey,1960-1961 ED
Mali,1995,25.799999,Survey,1995-1996 DHS,18.4,Survey,1995-1996 DHS
Mali,2001,25.9,Survey,2001 DHS,18.5,Survey,2001 DHS
Mali,2006,24,Survey,2006 DHS,17.799999,Survey,2006 DHS
Mali,2012,25.9,Survey,2012-2013 DHS,18.5,Survey,2012-2013 DHS
Mali,2015,27.200001,Survey,2015 MICS,19.299999,Survey,2015 MICS
Mali,2018,25.799999,Survey,2018 DHS,18.799999,Survey,2018 DHS
Malta,2011,30.299999,Census,2011 Census,28,Census,2011 Census
Marshall Islands,1988,23.700001,Census,1988 Census,21,Census,1988 Census
Marshall Islands,2011,25.700001,Census,2011 Census,24.200001,Census,2011 Census
Martinique,1982,30.200001,Census,1982 Census,28.799999,Census,1982 Census
Martinique,1999,35.599998,Census,1999 Census,33.299999,Census,1999 Census
Mauritania,1964,28.9,Survey,1964-1965 PS,19.5,Survey,1964-1965 PS
Mauritania,1990,29.6,Survey,1990-1991 MCHS,23,Survey,1990-1991 MCHS
Mauritania,2000,29.4,Survey,2000-2001 DHS,21.799999,Survey,2000-2001 DHS
Mauritania,2011,29.5,Survey,2011 MICS_HH,21.6,Survey,2011 MICS
Mauritania,2015,29.200001,Survey,2015 MICS,21.799999,Survey,2015 MICS
Mauritius,1962,26.200001,Census,1962 Census,16.5,Census,1962 Census
Mauritius,1990,28.200001,Census,1990 Census,23.799999,Census,1990 Census
Mauritius,2000,28.5,Census,2000 Census,22.6,Census,2000 Census
Mauritius,2011,29.200001,Census,2011 Census,23.9,Census,2011 Census
Mayotte,2002,26.1,Census,2002 Census,21.200001,Census,2002 Census
Mayotte,2012,29.799999,Census,2012 Census,26.1,Census,2012 Census
Mexico,1970,24.4,Census,1970 Census,21.200001,Census,1970 Census
Mexico,1980,24.1,Census,1980 Census,21.6,Census,1980 Census
Mexico,1990,24.700001,Census,1990 Census,22.4,Census,1990 Census
Mexico,1995,25.1,Census,1995 Sample Census,23,Census,1995 Sample Census
Mexico,2000,25,Census,2000 Census,22.700001,Census,2000 Census
Mexico,2010,25.5,Census,2010 Census,23,Census,2010 Census
Micronesia (country),1985,25.5,Census,1985 Census,22.6,Census,1985 Census
Micronesia (country),1986,26.4,Census,1986 Census,24.200001,Census,1986 Census
Monaco,1975,27.200001,Census,1975 Census,24.799999,Census,1975 Census
Monaco,1982,28.700001,Census,1982 Census,26.200001,Census,1982 Census
Monaco,2000,32.5,Census,2000 Census,29.200001,Census,2000 Census
Monaco,2008,33.400002,Census,2008 Census,30.4,Census,2008 Census
Mongolia,1979,24.9,Census,1979 Census,,N/A,N/A
Mongolia,1989,25,Census,1989 Census,,N/A,N/A
Mongolia,2000,25.700001,Census,2000 Census,,N/A,N/A
Mongolia,2010,26.200001,Census,2010 Census,,N/A,N/A
Montenegro,2003,30.700001,Census,2003 Census,,N/A,N/A
Montenegro,2011,31.1,Census,2011 Census,,N/A,N/A
Montserrat,1970,31.5,Census,1970 Census,27.5,Census,1970 Census
Montserrat,1980,31.1,Census,1980 Census,28.5,Census,1980 Census
Montserrat,2011,31.5,Census,2011 Census,31.9,Census,2011 Census
Morocco,1971,25,Census,1971 Census,,N/A,N/A
Morocco,1982,27.1,Census,1982 Census,,N/A,N/A
Morocco,1994,29.799999,Census,1994 Census,,N/A,N/A
Morocco,2004,31.200001,Census,2004 Census,,N/A,N/A
Mozambique,1960,22.9,Census,1960 Census,18.4,Census,1960 Census
Mozambique,1970,24.700001,Census,1970 Census,19.9,Census,1970 Census
Mozambique,1980,22.6,Census,1980 Census,17.799999,Census,1980 Census
Mozambique,1997,22.799999,Census,1997 Census,18.4,Census,1997 Census
Mozambique,2007,23.299999,Census,2007 Census,18.9,Census,2007 Census
Mozambique,2017,23.4,Census,2017 Census,18.700001,Census,2017 Census
Myanmar,1991,26.4,Survey,1991 PCFS,24.5,Survey,1991 PCFS
Myanmar,2000,26.9,Survey,2000 MICS_HH,24.799999,Survey,2000 MICS
Myanmar,2007,27.700001,Survey,2007 FRHS,26.1,Survey,2007 FRHS
Myanmar,2015,25.4,Survey,2015-2016 DHS,22.9,Survey,2015-2016 DHS
Namibia,2000,30.1,Survey,2000 DHS,27.5,Survey,2000 DHS
Namibia,2006,30.200001,Survey,2006-2007 DHS,28.299999,Survey,2006-2007 DHS
Namibia,2013,32.200001,Survey,2013 DHS,27.9,Survey,2013 DHS
Namibia,2016,34.299999,Survey,2016 NIDS,30.299999,Survey,2016 NIDS
Nepal,1971,21.1,Census,1971 Census,,N/A,N/A
Nepal,1981,21.5,Census,1981 Census,,N/A,N/A
Nepal,1991,21.700001,Census,1991 Census,,N/A,N/A
Nepal,2001,23,Census,2001 Census,,N/A,N/A
Nepal,2011,23.799999,Census,2011 Census,,N/A,N/A
Netherlands,1971,24.9,Census,1971 Census,22.1,Census,1971 Census
Netherlands,2001,32.299999,Census,2001 Census,30.4,Census,2001 Census
Netherlands,2011,28.700001,Census,2011 Census,26.200001,Census,2011 Census
Netherlands Antilles,1981,28.700001,Census,1981 Census,26.5,Census,1981 Census
Netherlands Antilles,2001,32.599998,Census,2001 Census,30.200001,Census,2001 Census
New Caledonia,1976,26.5,Census,1976 Census,22.5,Census,1976 Census
New Caledonia,1989,30.5,Census,1989 Census,27.799999,Census,1989 Census
New Caledonia,1996,32.5,Census,1996 Census,30.4,Census,1996 Census
New Caledonia,2004,33.700001,Census,2004 Census,31.9,Census,2004 Census
New Caledonia,2014,34.299999,Census,2014 Census,32.799999,Census,2014 Census
New Zealand,1986,27.1,Census,1986 Census,25,Census,1986 Census
New Zealand,1991,28.799999,Census,1991 Census,26.799999,Census,1991 Census
New Zealand,1996,27.200001,Census,1996 Census,25.4,Census,1996 Census
New Zealand,2001,31.700001,Census,2001 Census,30,Census,2001 Census
New Zealand,2006,32,Census,2006 Census,30.5,Census,2006 Census
Nicaragua,1997,22.6,Survey,1998 DHS,20,Survey,1998 DHS
Nicaragua,1998,22.6,Survey,1998-1999 LSMS,20,Survey,1998-1999 LSMS
Nicaragua,2001,25.1,Survey,2001 DHS,20.4,Survey,2001 DHS
Niger,1992,25.1,Survey,1992 DHS,17.5,Survey,1992 DHS
Niger,1998,23.9,Survey,1998 DHS,17.6,Survey,1998 DHS
Niger,2000,24.799999,Survey,2000 MICS_HH,17.700001,Survey,2000 MICS
Niger,2006,25.1,Survey,2006 DHS,17.700001,Survey,2006 DHS
Niger,2012,25,Survey,2012 DHS-MICS,17.200001,Survey,2012 DHS-MICS
Niger,2015,24,Survey,2015 ENISED,17.200001,Survey,2015 ENISED
Nigeria,2003,28,Survey,2003 DHS,20.9,Survey,2003 DHS
Nigeria,2008,28.5,Survey,2008 DHS,21.5,Survey,2008 DHS
Nigeria,2013,28.6,Survey,2013 DHS,21.200001,Survey,2013 DHS
Niue,1971,25.700001,Census,1971 Census,25,Census,1971 Census
Niue,1976,27.1,Census,1976 Census,25,Census,1976 Census
Niue,1986,26.299999,Census,1986 Census,23.6,Census,1986 Census
Niue,1997,29.1,Census,1997 Census,,N/A,N/A
Niue,2006,26.799999,Census,2006 Census,26.1,Census,2006 Census
Niue,2011,23.9,Census,2011 Census,24.6,Census,2011 Census
Northern Mariana Islands,1990,28.5,Census,1990 Census,28.5,Census,1990 Census
Northern Mariana Islands,2010,30.1,Census,2010 Census,28.1,Census,2010 Census
Norway,1970,24.9,Census,1970 Census,21.9,Census,1970 Census
Norway,1990,30.5,Census,1990 Census,28,Census,1990 Census
Norway,2001,29.4,Census,2001 Census,26.700001,Census,2001 Census
Norway,2011,29.1,Census,2011 Census,26.6,Census,2011 Census
Oman,1993,24.700001,Census,1993 Census,20.700001,Census,1993 Census
Oman,2003,28.1,Census,2003 Census,24.799999,Census,2003 Census
Oman,2010,27.700001,Census,2010 Census,25.6,Census,2010 Census
Pakistan,1975,25.299999,Survey,1975 WFS,19.6,Survey,1975 WFS
Pakistan,1990,26.5,Survey,1990-1991 DHS,21.4,Survey,1990-1991 DHS
Pakistan,2000,27.1,Survey,2000-2001 RHFPS,22.700001,Survey,2000-2001 RHFPS
Pakistan,2006,26.9,Survey,2006-2007 DHS,23.1,Survey,2006-2007 DHS
Pakistan,2017,26.9,Survey,2017 DHS,23.200001,Survey,2017 DHS
Palau,2015,29.1,Census,2015 Census,28.5,Census,2015 Census
Panama,1970,24.799999,Census,1970 Census,20.4,Census,1970 Census
Panama,1980,25.200001,Census,1980 Census,21.4,Census,1980 Census
Panama,1990,25.4,Census,1990 Census,21.9,Census,1990 Census
Panama,2000,25.799999,Census,2000 Census,21.9,Census,2000 Census
Panama,2010,25.299999,Census,2010 Census,21.6,Census,2010 Census
Papua New Guinea,1971,24.1,Census,1971 Census,19.4,Census,1971 Census
Papua New Guinea,1980,24.9,Census,1980 Census,20.6,Census,1980 Census
Papua New Guinea,1990,24.700001,Census,1990 Census,20.9,Census,1990 Census
Papua New Guinea,2011,27.1,Census,2011 Census,22.6,Census,2011 Census
Paraguay,1972,26.5,Census,1972 Census,21.700001,Census,1972 Census
Paraguay,1982,26.299999,Census,1982 Census,21.799999,Census,1982 Census
Paraguay,1992,25.799999,Census,1992 Census,21.5,Census,1992 Census
Paraguay,2002,26.799999,Census,2002 Census,22.700001,Census,2002 Census
Peru,1996,26.5,Survey,1996 DHS,23.1,Survey,1996 DHS
Peru,2003,28.200001,Survey,2004-2006 DHS,24.4,Survey,2004-2006 DHS
Peru,2009,27.5,Survey,2009 DHS,23.200001,Survey,2009 DHS
Peru,2010,27.799999,Survey,2010 DHS,23.1,Survey,2010 DHS
Peru,2011,28,Survey,2011 DHS,23.6,Survey,2011 DHS
Peru,2012,27.5,Survey,2012 DHS,23.5,Survey,2012 DHS
Philippines,1970,25.4,Census,1970 Census,,N/A,N/A
Philippines,1975,25.5,Census,1975 Census,,N/A,N/A
Philippines,1980,24.799999,Census,1980 Census,,N/A,N/A
Philippines,1995,26.6,Census,1995 Census,,N/A,N/A
Philippines,2010,26.9,Census,2010 Census,,N/A,N/A
Philippines,2015,27.200001,Census,2015 Census,,N/A,N/A
Poland,1978,25.700001,Census,1978 Census,22.5,Census,1978 Census
Poland,1984,25.9,Census,1984 Microcensus,22.799999,Census,1984 Microcensus
Poland,1988,26.200001,Census,1988 Census,23,Census,1988 Census
Poland,2002,28,Census,2002 Census,25.299999,Census,2002 Census
Poland,2011,28.700001,Census,2011 Census,26.6,Census,2011 Census
Portugal,1970,25.6,Census,1970 Census,23.200001,Census,1970 Census
Portugal,1981,24.700001,Census,1981 Census,22.1,Census,1981 Census
Portugal,1991,26.700001,Census,1991 Census,23.9,Census,1991 Census
Portugal,2001,28.299999,Census,2001 Census,25.6,Census,2001 Census
Portugal,2011,32.200001,Census,2011 Census,30.1,Census,2011 Census
Puerto Rico,1970,24,Census,1970 Census,22.1,Census,1970 Census
Puerto Rico,1980,24.299999,Census,1980 Census,22.5,Census,1980 Census
Puerto Rico,1990,25.799999,Census,1990 Census,23.799999,Census,1990 Census
Puerto Rico,2010,30.799999,Census,2010 Census,29.200001,Census,2010 Census
Qatar,1986,26.6,Census,1986 Census,22.700001,Census,1986 Census
Qatar,1997,27.700001,Census,1997 Census,25.299999,Census,1997 Census
Qatar,2004,27.6,Census,2004 Census,25.799999,Census,2004 Census
Moldova,2000,25.4,Survey,2000 MICS_HH,21.9,Survey,2000 MICS
Moldova,2005,25.4,Survey,2005 DHS,21.9,Survey,2005 DHS
Moldova,2012,25.700001,Survey,2012 MICS,21.9,Survey,2012 MICS
Romania,1977,24.9,Census,1977 Census,21.1,Census,1977 Census
Romania,1992,25.700001,Census,1992 Census,22.1,Census,1992 Census
Romania,2002,28.6,Census,2002 Census,25.200001,Census,2002 Census
Romania,2011,29.4,Census,2011 Census,25.9,Census,2011 Census
Russia,1989,24.4,Census,1989 Census,21.799999,Census,1989 Census
Russia,2010,27,Census,2010 Census,24.4,Census,2010 Census
Rwanda,1981,25,Survey,1981 ED,21.5,Survey,1981 ED
Rwanda,1996,24.799999,Survey,1996 SDS,23.299999,Survey,1996 SDS
Rwanda,2000,25.5,Survey,2000 MICS_HH,22.6,Survey,2000 DHS
Rwanda,2005,26.5,Survey,2005 DHS,23.700001,Survey,2005 DHS
Rwanda,2007,26.5,Survey,2007-2008 DHS Interim,23.4,Survey,2007-2008 DHS Interim
Rwanda,2011,26.6,Survey,2010 DHS,24.4,Survey,2010 DHS
Rwanda,2014,27,Survey,2014-2015 DHS,24.299999,Survey,2014-2015 DHS
Reunion,1974,25.200001,Census,1974 Census,22.5,Census,1974 Census
Reunion,1982,28.1,Census,1982 Census,25.799999,Census,1982 Census
Reunion,1999,32.799999,Census,1999 Census,30.5,Census,1999 Census
Reunion,2004,33.200001,Census,2006 Annual Census Survey,31,Census,2006 Annual Census Survey
Saint Kitts and Nevis,1970,33,Census,1970 Census,28.9,Census,1970 Census
Saint Kitts and Nevis,1980,32.099998,Census,1980 Census,31.299999,Census,1980 Census
Saint Lucia,1970,32,Census,1970 Census,28.700001,Census,1970 Census
Saint Lucia,1980,34.099998,Census,1980 Census,31.4,Census,1980 Census
Saint Lucia,1991,35.099998,Census,1991 Census,33.700001,Census,1991 Census
Saint Pierre and Miquelon,1974,25.6,Census,1974 Census,21.799999,Census,1974 Census
Saint Pierre and Miquelon,1982,26.4,Census,1982 Census,23.9,Census,1982 Census
Saint Pierre and Miquelon,1999,34.900002,Census,1999 Census,31.1,Census,1999 Census
Saint Vincent and the Grenadines,1970,32.799999,Census,1970 Census,28.4,Census,1970 Census
Saint Vincent and the Grenadines,1980,32.200001,Census,1980 Census,28.200001,Census,1980 Census
Saint Vincent and the Grenadines,1991,34.5,Census,1991 Census,30.9,Census,1991 Census
Saint Vincent and the Grenadines,2001,27.799999,Census,2001 Census,21.200001,Census,2001 Census
Saint Vincent and the Grenadines,2012,27.799999,Census,2012 Census,21.200001,Census,2012 Census
Samoa,1971,26.299999,Census,1971 Census,22,Census,1971 Census
Samoa,1976,26.299999,Census,1976 Census,22.1,Census,1976 Census
Samoa,1981,27.299999,Census,1981 Census,23.200001,Census,1981 Census
Samoa,1986,28,Census,1986 Census,24.799999,Census,1986 Census
Samoa,1991,28.299999,Census,1991 Census,24.299999,Census,1991 Census
Samoa,2001,28.6,Census,2001 Census,24.299999,Census,2001 Census
Samoa,2006,29,Census,2006 Census,24.299999,Census,2006 Census
Samoa,2011,27.9,Census,2011 Census,23.5,Census,2011 Census
Samoa,2016,27.299999,Census,2016 Census,23.799999,Census,2016 Census
Sao Tome and Principe,2000,22.9,Survey,2000 MICS_HH,19.299999,Survey,2000 MICS
Sao Tome and Principe,2008,25,Survey,2008-2009 DHS,20.4,Survey,2008-2009 DHS
Saudi Arabia,1987,25.6,Survey,1987 CHS,21.700001,Survey,1987 CHS
Saudi Arabia,1996,27.700001,Survey,1996 FHS,24,Survey,1996 FHS
Saudi Arabia,2007,28,Survey,2007 DS,24.9,Survey,2007 DS
Saudi Arabia,2016,30.5,Survey,2016 DS,27.1,Survey,2016 DS
Saudi Arabia,2017,30,Survey,2017 DS,26.6,Survey,2017 DS
Senegal,1960,28,Survey,1960-1961 ED,17.4,Survey,1960-1961 ED
Senegal,1970,28.700001,Survey,1970-1971 ED,18.6,Survey,1970-1971 ED
Senegal,2000,29.700001,Survey,2000 MICS_HH,21.5,Survey,2000 MICS
Senegal,2005,27.799999,Survey,2005 DHS,21.200001,Survey,2005 DHS
Senegal,2010,30,Survey,2010-2011 DHS-MICS,21.6,Survey,2010-2011 DHS-MICS
Senegal,2012,29.9,Survey,2012-2014 DHS,21.799999,Survey,2012-2013 DHS
Senegal,2014,30.299999,Survey,2014 DHS,22,Survey,2014 DHS
Senegal,2015,29.799999,Survey,2015 DHS,22,Survey,2015 DHS
Senegal,2016,30.5,Survey,2016 DHS,21.799999,Survey,2016 DHS
Senegal,2017,30.6,Survey,2017 DHS,22.200001,Survey,2017 DHS
Serbia,2002,29.799999,Census,2002 Census,,N/A,N/A
Serbia,2011,30.4,Census,2011 Census,,N/A,N/A
Seychelles,1971,29.1,Census,1971 Census,25.6,Census,1971 Census
Seychelles,1981,26.4,Census,1981-1982 Census Update,22.799999,Census,1981-1982 Census Update
Seychelles,1987,26.4,Census,1987 Census,23.799999,Census,1987 Census
Seychelles,1994,26.9,Census,1994 Census,24.799999,Census,1994 Census
Seychelles,2002,27.299999,Census,2002 Census,25.200001,Census,2002 Census
Sierra Leone,1992,27.700001,Survey,1992 DSMS,19.799999,Survey,1992 DSMS
Sierra Leone,2000,26.6,Survey,2000 MICS_HH,18.6,Survey,2000 MICS
Sierra Leone,2008,26.200001,Survey,2008 DHS,20.5,Survey,2008 DHS
Sierra Leone,2013,26.799999,Survey,2013 DHS,21.799999,Survey,2013 DHS
Sierra Leone,2017,27.9,Survey,2017 MICS,23.1,Survey,2017 MICS
Singapore,1970,27.799999,Census,1970 Census,24.200001,Census,1970 Census
Singapore,1980,28.4,Census,1980 Census,26.200001,Census,1980 Census
Singapore,1990,29.9,Census,1990 Census,27,Census,1990 Census
Singapore,2000,30,Census,2000 Census,26.5,Census,2000 Census
Singapore,2010,30.4,Census,2010 Census,27.9,Census,2010 Census
Sint Maarten (Dutch part),2011,32.299999,Census,2011 Census,28,Census,2011 Census
Slovakia,1980,25,Census,1980 Census,22.200001,Census,1980 Census
Slovakia,1991,25.5,Census,1991 Census,22.6,Census,1991 Census
Slovakia,2001,28.299999,Census,2001 Census,25.4,Census,2001 Census
Slovakia,2011,31.200001,Census,2011 Census,28.6,Census,2011 Census
Slovenia,1991,28.5,Census,1991 Census,24.799999,Census,1991 Census
Slovenia,2011,33.200001,Census,2011 Census,30.700001,Census,2011 Census
Slovenia,2015,32.900002,Census,2015 Census,30.6,Census,2015 Census
Solomon Islands,1970,27.4,Census,1970 Census,22.299999,Census,1970 Census
Solomon Islands,1976,25.5,Census,1976 Census,21.1,Census,1976 Census
Solomon Islands,1986,25,Census,1986 Census,21.200001,Census,1986 Census
Solomon Islands,1999,26.1,Census,1999 Census,22.6,Census,1999 Census
Solomon Islands,2009,27.1,Census,2009 Census,23.299999,Census,2009 Census
Somalia,1980,26.4,Survey,1980-1981 NSP,20.1,Survey,1980-1981 NSP
Somalia,1982,26.5,Survey,1982 LFS,20.6,Survey,1982 LFS
South Africa,1980,27.799999,Census,1980 Census,25.700001,Census,1980 Census
South Africa,1985,27.9,Census,1985 Census,26.1,Census,1985 Census
South Africa,1991,28.9,Census,1991 Census,26.799999,Census,1991 Census
South Africa,1996,30.299999,Census,1996 Census,27.9,Census,1996 Census
South Africa,2011,31.200001,Census,2011 Census,28,Census,2011 Census
South Sudan,1973,25.799999,Census,1973 Census,18.700001,Census,1973 Census
South Sudan,1983,27.200001,Census,1983 Census,20.700001,Census,1983 Census
South Sudan,1993,28.200001,Census,1993 Census,20.5,Census,1993 Census
South Sudan,2008,27.1,Census,2008 Census,20.700001,Census,2008 Census
Spain,1970,27.5,Census,1970 Census,23.700001,Census,1970 Census
Spain,1981,26,Census,1981 Census,23.1,Census,1981 Census
Spain,1991,28.4,Census,1991 Census,26,Census,1991 Census
Spain,2001,31.6,Census,2001 Census,29.299999,Census,2001 Census
Spain,2011,30.299999,Census,2011 Census,27.700001,Census,2011 Census
Sri Lanka,1971,28.1,Census,1971 Census,23.5,Census,1971 Census
Sri Lanka,1981,27.9,Census,1981 Census,24.4,Census,1981 Census
Sri Lanka,2001,27.6,Census,2001 Census,23.799999,Census,2001 Census
Sri Lanka,2012,27.200001,Census,2012 Census,23.4,Census,2012 Census
Palestine,1967,25.200001,Census,1967 Census,,N/A,N/A
Palestine,1997,24.9,Census,1997 Census,,N/A,N/A
Palestine,2007,26.6,Census,2007 Census,,N/A,N/A
Palestine,2017,26.5,Census,2017 Census,,N/A,N/A
Sudan,1978,27.9,Survey,1978-1979 WFS,21.4,Survey,1978-1979 WFS
Sudan,2000,29.700001,Survey,2000 MICS_HH,15,Survey,2000 MICS
Sudan,2010,28.9,Survey,2010 MICS_HH,22,Survey,2010 MICS
Suriname,2004,31.799999,Census,2004 Census,,N/A,N/A
Suriname,2012,32.799999,Census,2012 Census,,N/A,N/A
Sweden,1970,26.200001,Census,1970 Census,23.700001,Census,1970 Census
Sweden,1975,28,Census,1975 Census,25.700001,Census,1975 Census
Sweden,1980,26.200001,Census,1980 Census,23.6,Census,1980 Census
Sweden,1985,27.4,Census,1985 Census,24.700001,Census,1985 Census
Sweden,2011,33.200001,Census,2011 Census,31.200001,Census,2011 Census
Switzerland,1970,26,Census,1970 Census,22.6,Census,1970 Census
Switzerland,1980,27.9,Census,1980 Census,25,Census,1980 Census
Switzerland,1990,29.4,Census,1990 Census,26.700001,Census,1990 Census
Switzerland,2000,31.1,Census,2000 Census,28.299999,Census,2000 Census
Switzerland,2011,29.700001,Census,2010 Census,27,Census,2010 Census
Syria,1978,30.799999,Survey,1978 WFS,22.200001,Survey,1978 WFS
Syria,2001,29.299999,Survey,2001 FHS,25.4,Survey,2001 FHS
Tajikistan,1989,23.200001,Census,1989 Census,,N/A,N/A
Tajikistan,2000,24.1,Census,2000 Census,,N/A,N/A
Tajikistan,2010,24.700001,Census,2010 Census,,N/A,N/A
Thailand,1970,24.700001,Census,1970 Census,22,Census,1970 Census
Thailand,1980,24.9,Census,1980 Census,22.799999,Census,1980 Census
Thailand,1990,26,Census,1990 Census,23.5,Census,1990 Census
Thailand,2000,27.4,Census,2000 Census,24.1,Census,2000 Census
Thailand,2010,28.5,Census,2010 Census,24.9,Census,2010 Census
Macedonia,1994,26.700001,Census,1994 Census,22.9,Census,1994 Census
Timor,2003,24.6,Survey,2003 DHS,21.799999,Survey,2003 DHS
Timor,2009,26.9,Survey,2009-2010 DHS,23.1,Survey,2009-2010 DHS
Timor,2016,27.9,Survey,2016 DHS,23,Survey,2016 DHS
Togo,1998,27,Survey,1998 DHS,21.4,Survey,1998 DHS
Togo,2000,28.200001,Survey,2000 MICS_HH,21.1,Survey,2000 MICS
Togo,2013,27.6,Survey,2013-2014 DHS-MICS,22.299999,Survey,2013-2014 DHS-MICS
Togo,2017,27.6,Survey,2017 MIS,21.299999,Survey,2017 MIS
Tokelau,1972,22.700001,Census,1972 Census,23.6,Census,1972 Census
Tokelau,1976,24,Census,1976 Census,25.299999,Census,1976 Census
Tokelau,1986,26.6,Census,1986 Census,26,Census,1986 Census
Tokelau,2011,27,Census,2011 Census,27.9,Census,2011 Census
Tonga,1976,27.1,Census,1976 Census,24.299999,Census,1976 Census
Tonga,1986,27.1,Census,1986 Census,24.799999,Census,1986 Census
Tonga,1996,28,Census,1996 Census,25.5,Census,1996 Census
Tonga,2006,28,Census,2006 Census,25.6,Census,2006 Census
Tonga,2011,27.200001,Census,2011 Census,24.700001,Census,2011 Census
Tonga,2016,27.4,Census,2016 Census,25.299999,Census,2016 Census
Trinidad and Tobago,1970,27.4,Census,1970 Census,24,Census,1970 Census
Trinidad and Tobago,1980,28.1,Census,1980 Census,25.299999,Census,1980 Census
Trinidad and Tobago,1990,29.799999,Census,1990 Census,26.799999,Census,1990 Census
Trinidad and Tobago,2000,31.4,Census,2000 Census,28.1,Census,2000 Census
Trinidad and Tobago,2011,31.799999,Census,2011 Census,29.200001,Census,2011 Census
Tunisia,1975,27.1,Census,1975 Census,22.6,Census,1975 Census
Tunisia,1984,28.1,Census,1984 Census,24.299999,Census,1984 Census
Tunisia,1994,30.299999,Census,1994 Census,26.6,Census,1994 Census
Tunisia,2004,32.599998,Census,2004 Census,28.700001,Census,2004 Census
Tunisia,2014,32.900002,Census,2014 Census,28.200001,Census,2014 Census
Turkey,1970,23.9,Census,1970 Census,,N/A,N/A
Turkey,1975,23.700001,Census,1975 Census,,N/A,N/A
Turkey,1980,23.799999,Census,1980 Census,,N/A,N/A
Turkey,1985,24.6,Census,1985 Census,,N/A,N/A
Turkey,1990,25,Census,1990 Census,,N/A,N/A
Turkey,2000,26.1,Census,2000 Census,,N/A,N/A
Turkey,2011,27.9,Census,2011 Census,,N/A,N/A
Turks and Caicos Islands,1980,26.6,Census,1980 Census,22.5,Census,1980 Census
Tuvalu,1979,29.1,Census,1979 Census,25.4,Census,1979 Census
Tuvalu,1991,26.700001,Census,1991 Census,21.4,Census,1991 Census
Tuvalu,2002,26.5,Census,2002 Census,20.700001,Census,2002 Census
Uganda,1995,22.5,Survey,1995 DHS,18.200001,Survey,1995 DHS
Uganda,2000,23.4,Survey,2000-2001 DHS,19.6,Survey,2000-2001 DHS
Uganda,2004,23.799999,Survey,2004-2005 AIS,20,Survey,2004-2005 AIS
Uganda,2006,23.799999,Survey,2006 DHS,20.4,Survey,2006 DHS
Uganda,2011,24.299999,Survey,2011 DHS,20,Survey,2011 DHS
Uganda,2016,24.299999,Survey,2016 DHS,20.700001,Survey,2016 DHS
Ukraine,2007,25.9,Survey,2007 DHS,23.1,Survey,2007 DHS
United Arab Emirates,1987,25.6,Survey,1987-1988 CHS,23.1,Survey,1987-1988 CHS
United Arab Emirates,1995,26.6,Survey,1995 FHS,24.4,Survey,1995 FHS
United Kingdom,1971,24.200001,Census,1971 Census,21.299999,Census,1971 Census
United Kingdom,1991,28.4,Census,1991 Census,26.4,Census,1991 Census
United Kingdom,2001,28.1,Census,2001 Census,26.299999,Census,2001 Census
United Kingdom,2011,28.700001,Census,2011 Census,27,Census,2011 Census
Tanzania,1991,25.1,Survey,1991-1992 DHS,20.5,Survey,1991-1992 DHS
Tanzania,1994,25.1,Survey,1994 KAP Survey,20.5,Survey,1994 KAP Survey
Tanzania,1996,25.1,Survey,1996 DHS,20.5,Survey,1996 DHS
Tanzania,1999,24.700001,Survey,1999 RCHS,20.4,Survey,1999 RCHS
Tanzania,2003,25,Survey,2003-2004 AIS,20.700001,Survey,2003-2004 AIS
Tanzania,2004,25.1,Survey,2004-2005 DHS,20,Survey,2004-2005 DHS
Tanzania,2007,25.200001,Survey,2007-2008 AIS,20.299999,Survey,2007-2008 AIS
Tanzania,2009,25.1,Survey,2010 DHS,21,Survey,2010 DHS
Tanzania,2011,25.4,Survey,2011-2012 AIS,20.9,Survey,2011-2012 AIS
Tanzania,2015,25.200001,Survey,2015-2016 DHS,21,Survey,2015-2016 DHS
United States,1970,23.5,Census,1970 Census,,N/A,N/A
United States,2010,29.200001,Census,2010 Census,,N/A,N/A
United States Virgin Islands,1990,30.1,Census,1990 Census,27.5,Census,1990 Census
United States Virgin Islands,2010,32.5,Census,2010 Census,30.9,Census,2010 Census
Uruguay,1975,25.4,Census,1975 Census,22.5,Census,1975 Census
Uruguay,1985,25.200001,Census,1985 Census,22.9,Census,1985 Census
Uruguay,1996,25.6,Census,1996 Census,23.299999,Census,1996 Census
Uruguay,2011,26.5,Census,2011 Census,24,Census,2011 Census
Uzbekistan,2000,24.1,Survey,2000 MICS_HH,21.6,Survey,2000 MICS
Uzbekistan,2002,24,Survey,2002 DHS Special,21.5,Survey,2002 DHS Special
Vanuatu,1979,25.799999,Census,1979 Census,22,Census,1979 Census
Vanuatu,1989,25.299999,Census,1989 Census,22.6,Census,1989 Census
Vanuatu,1999,25.299999,Census,1999 Census,23,Census,1999 Census
Vanuatu,2009,25.5,Census,2009 Census,22.5,Census,2009 Census
Venezuela,1971,25.6,Census,1971 Census,20.1,Census,1971 Census
Venezuela,1981,25,Census,1981 Census,21.299999,Census,1981 Census
Venezuela,1990,25.4,Census,1990 Census,22.1,Census,1990 Census
Venezuela,2001,26,Census,2001 Census,22.700001,Census,2001 Census
Venezuela,2011,25.799999,Census,2011 Census,22.9,Census,2011 Census
Vietnam,1997,26.1,Survey,1997 DHS,22.200001,Survey,1997 DHS
Vietnam,2000,26,Survey,2000 MICS_HH,22.9,Survey,2000 MICS
Vietnam,2002,26.1,Survey,2002 DHS,23.200001,Survey,2002 DHS
Vietnam,2005,25.9,Survey,2005 AIS,23.200001,Survey,2005 AIS
Vietnam,2007,26.6,Survey,2007 Annual APC,23.299999,Survey,2007 Annual APC
Vietnam,2011,26.4,Survey,2011 Annual APC,22.799999,Survey,2011 Annual APC
Vietnam,2015,26.9,Survey,2015 Annual APC,22.799999,Survey,2015 Annual APC
Wallis and Futuna,1976,27,Census,1976 Census,25.1,Census,1976 Census
Wallis and Futuna,1983,26.200001,Census,1983 Census,22.9,Census,1983 Census
Wallis and Futuna,1990,28.5,Census,1990 Census,23.4,Census,1990 Census
Wallis and Futuna,1996,28.4,Census,1996 Census,24.299999,Census,1996 Census
Wallis and Futuna,2003,28.4,Census,2003 Census,26.200001,Census,2003 Census
Wallis and Futuna,2013,28.799999,Census,2013 Census,27.799999,Census,2013 Census
Western Sahara,1970,25.299999,Census,1970 Census,18,Census,1970 Census
Yemen,1991,24.700001,Survey,1991-1992 DHS,20.799999,Survey,1991-1992 DHS
Yemen,2003,25.4,Survey,2003 FHS,22.200001,Survey,2003 FHS
Yemen,2006,25.299999,Survey,2006 MICS_HH,22.6,Survey,2006 MICS_HH
Yemen,2013,26.1,Survey,2013 DHS,22.799999,Survey,2013 DHS
Zambia,1996,25,Survey,1996 DHS,20.299999,Survey,1996 DHS
Zambia,1999,26.6,Survey,1999 MICS_HH,22,Survey,1999 MICS
Zambia,2001,24.799999,Survey,2001-2002 DHS,20.5,Survey,2001-2002 DHS
Zambia,2007,25.4,Survey,2007 DHS,21.1,Survey,2007 DHS
Zambia,2013,25.9,Survey,2013-2014 DHS,21.799999,Survey,2013-2014 DHS
Zimbabwe,1987,26.4,Survey,1987 ICDS,21.5,Survey,1987 ICDS
Zimbabwe,1994,25.5,Survey,1994 DHS,21,Survey,1994 DHS
Zimbabwe,1997,26,Survey,1997 ICDS,21.5,Survey,1997 ICDS
Zimbabwe,1999,25.700001,Survey,1999 DHS,21,Survey,1999 DHS
Zimbabwe,2005,25.9,Survey,2005-2006 DHS,20.799999,Survey,2005-2006 DHS
Zimbabwe,2009,26,Survey,2009 MICS_HH,20.9,Survey,2009 MICS
Zimbabwe,2010,25.5,Survey,2010-2011 DHS,20.6,Survey,2010-2011 DHS
Zimbabwe,2015,25.700001,Survey,2015 DHS,20.200001,Survey,2015 DHS
Zimbabwe,2017,26,Survey,2017 ICDS,21.1,Survey,2017 ICDS
Afghanistan,2010,,N/A,N/A,21.5,Survey,2010 DHS Special
Albania,2005,,N/A,N/A,24.6,Survey,2005 MICS
Algeria,1992,,N/A,N/A,25.9,Survey,1992 MCH
Bahrain,1991,,N/A,N/A,25.6,Census,1991 Census
Bahrain,2001,,N/A,N/A,26.299999,Census,2001 Census
Bahrain,2010,,N/A,N/A,26.9,Census,2010 Census
Bangladesh,1993,,N/A,N/A,18.299999,Survey,1993-1994 DHS
Bangladesh,1996,,N/A,N/A,18.6,Survey,1996-1997 DHS
Bangladesh,1999,,N/A,N/A,18.799999,Survey,1999-2000 DHS
Bangladesh,2006,,N/A,N/A,18.700001,Survey,2006 MICS
Bangladesh,2012,,N/A,N/A,19.200001,Survey,2012-2013 MICS
Bangladesh,2014,,N/A,N/A,18.799999,Survey,2014 DHS
Benin,1996,,N/A,N/A,19.9,Survey,1996 DHS
Bolivia,1988,,N/A,N/A,22.200001,Survey,1989 EIH
Bolivia,1989,,N/A,N/A,22.200001,Survey,1989 DHS
Bolivia,1993,,N/A,N/A,22,Survey,1994 DHS
Bolivia,2016,,N/A,N/A,24,Survey,2016 DHS
Bosnia and Herzegovina,2006,,N/A,N/A,24.5,Survey,2006 MICS
Burundi,1987,,N/A,N/A,21.799999,Survey,1987 DHS
Cambodia,2000,,N/A,N/A,22.299999,Survey,2000 DHS
Cameroon,1991,,N/A,N/A,19.1,Survey,1991 DHS
Cameroon,2006,,N/A,N/A,22.1,Survey,2006 MICS
Central African Republic,2006,,N/A,N/A,17,Survey,2006 MICS
Chad,2010,,N/A,N/A,18.200001,Survey,2010 MICS
Colombia,1986,,N/A,N/A,23.5,Survey,1986 DHS
Colombia,1990,,N/A,N/A,23.1,Survey,1990 DHS
Cote d'Ivoire,2006,,N/A,N/A,19.700001,Survey,2006 MICS
Democratic Republic of Congo,2010,,N/A,N/A,20.200001,Survey,2010 MICS
Djibouti,2006,,N/A,N/A,26.9,Survey,2006 MICS
Dominican Republic,1986,,N/A,N/A,21.5,Survey,1986 DHS
Dominican Republic,1991,,N/A,N/A,21.799999,Survey,1991 DHS
Dominican Republic,2014,,N/A,N/A,21.5,Survey,2014 MICS
Ecuador,1987,,N/A,N/A,22.200001,Survey,1987 DHS
Ecuador,1989,,N/A,N/A,22.299999,Survey,1989 ENDEMAIN
Ecuador,1994,,N/A,N/A,22.799999,Survey,1994 ENDEMAIN
Ecuador,1999,,N/A,N/A,22.299999,Survey,1999 ENDEMAIN
Ecuador,2004,,N/A,N/A,22.200001,Survey,2004 ENDEMAIN
Egypt,1988,,N/A,N/A,22.1,Survey,1988 DHS
El Salvador,1985,,N/A,N/A,20,Survey,1985 DHS
El Salvador,1998,,N/A,N/A,21.5,Survey,1998 FESAL
El Salvador,2002,,N/A,N/A,22,Survey,2002-2003 FESAL
El Salvador,2008,,N/A,N/A,21.9,Survey,2008 FESAL
El Salvador,2014,,N/A,N/A,22.6,Survey,2014 MICS
Swaziland,2010,,N/A,N/A,26.200001,Survey,2010 MICS
Swaziland,2014,,N/A,N/A,26.5,Survey,2014 MICS
Ethiopia,1990,,N/A,N/A,19.4,Survey,1990 FFS
France,2006,,N/A,N/A,22.700001,Census,2008 Census
Gambia,2005,,N/A,N/A,21.1,Survey,2005-2006 MICS
Ghana,1988,,N/A,N/A,20.200001,Survey,1988 DHS
Ghana,2006,,N/A,N/A,22.799999,Survey,2006 MICS
Ghana,2017,,N/A,N/A,23.700001,Survey,2017 MHS
Greenland,2000,,N/A,N/A,30.799999,Census,2000 Census
Guatemala,1987,,N/A,N/A,20.6,Survey,1987 DHS
Guatemala,1995,,N/A,N/A,20.5,Survey,1995 DHS
Guatemala,1998,,N/A,N/A,20.4,Survey,1998-1999 DHS Interim
Guatemala,2002,,N/A,N/A,21.6,Survey,2002 ENSMI
Guatemala,2008,,N/A,N/A,22,Survey,2008-2009 ENSMI
Guatemala,2014,,N/A,N/A,22.200001,Survey,2014-2015 DHS
Guinea-Bissau,2000,,N/A,N/A,20.200001,Survey,2000 MICS
Guinea-Bissau,2006,,N/A,N/A,21.700001,Survey,2006 MICS
Guinea-Bissau,2010,,N/A,N/A,21.700001,Survey,2010 MICS
Guinea-Bissau,2014,,N/A,N/A,24.1,Survey,2014 MICS
Guyana,2006,,N/A,N/A,22.5,Survey,2006 MICS
Haiti,1977,,N/A,N/A,21.6,Survey,1977 WFS
Haiti,2013,,N/A,N/A,26.1,Survey,2013 DHS-NS
Honduras,1996,,N/A,N/A,20.299999,Survey,1996 ENESF
Honduras,2005,,N/A,N/A,21.299999,Survey,2005-2006 DHS
Honduras,2011,,N/A,N/A,21.200001,Survey,2011-2012 DHS
Indonesia,1987,,N/A,N/A,21.700001,Survey,1987 CPS
Indonesia,1991,,N/A,N/A,21.5,Survey,1991 DHS
Indonesia,1994,,N/A,N/A,21.799999,Survey,1994 DHS
Indonesia,1997,,N/A,N/A,21.799999,Survey,1997 DHS
Indonesia,2012,,N/A,N/A,21.799999,Survey,2012 DHS Special
Iraq,2006,,N/A,N/A,22.799999,Survey,2006-2007 FHS
Iraq,2011,,N/A,N/A,22,Survey,2011 MICS
Jamaica,2005,,N/A,N/A,25.200001,Survey,2005 MICS
Jamaica,2008,,N/A,N/A,15.9,Survey,2008 RHS
Jamaica,2011,,N/A,N/A,25.299999,Survey,2011 MICS
Kazakhstan,1995,,N/A,N/A,21.4,Survey,1995 DHS
Kazakhstan,2006,,N/A,N/A,23.299999,Survey,2006 MICS
Kazakhstan,2010,,N/A,N/A,23.1,Survey,2010-2011 MICS
Kazakhstan,2015,,N/A,N/A,22.4,Survey,2015 MICS
Kenya,1977,,N/A,N/A,20,Survey,1977-1978 WFS
Kenya,1984,,N/A,N/A,18.299999,Survey,1984 CPS
Kenya,1988,,N/A,N/A,21.1,Survey,1989 DHS
Kenya,1993,,N/A,N/A,21.299999,Survey,1993 DHS
Kyrgyzstan,1997,,N/A,N/A,20.299999,Survey,1997 DHS
Kyrgyzstan,2005,,N/A,N/A,22.5,Survey,2005-2006 MICS
Kyrgyzstan,2012,,N/A,N/A,21.799999,Survey,2012 DHS
Kyrgyzstan,2014,,N/A,N/A,21.200001,Survey,2014 MICS
Lesotho,1977,,N/A,N/A,19.4,Survey,1977 WFS
Liberia,1986,,N/A,N/A,20.200001,Survey,1986 DHS
Liberia,2006,,N/A,N/A,22.1,Survey,2007 DHS
Liberia,2013,,N/A,N/A,22.6,Survey,2013 DHS
Madagascar,1992,,N/A,N/A,20.799999,Survey,1992 DHS
Madagascar,1997,,N/A,N/A,20.6,Survey,1997 DHS
Malawi,1984,,N/A,N/A,18.1,Survey,1984 FFS
Malawi,1992,,N/A,N/A,18.700001,Survey,1992 DHS
Malawi,2006,,N/A,N/A,18.799999,Survey,2006 MICS
Mauritania,2003,,N/A,N/A,22,Survey,2003-2004 EMIP Special
Mauritania,2007,,N/A,N/A,21.6,Survey,2007 MICS
Micronesia (country),2010,,N/A,N/A,25.299999,Census,2010 Census
Mongolia,1994,,N/A,N/A,23.299999,Survey,1994 DS
Mongolia,1996,,N/A,N/A,23.6,Survey,1996 DS
Mongolia,1998,,N/A,N/A,22.5,Survey,1998 RHS
Mongolia,2003,,N/A,N/A,22.299999,Survey,2003 RHS
Mongolia,2005,,N/A,N/A,23,Survey,2005 MICS
Mongolia,2008,,N/A,N/A,22.5,Survey,2008 RHS
Mongolia,2013,,N/A,N/A,23,Survey,2013 MICS
Montenegro,2005,,N/A,N/A,25.200001,Survey,2005-2006 MICS
Montenegro,2013,,N/A,N/A,26.299999,Survey,2013 MICS
Morocco,1987,,N/A,N/A,24,Survey,1987 DHS
Morocco,1992,,N/A,N/A,25,Survey,1992 DHS
Morocco,1995,,N/A,N/A,26.299999,Survey,1995 DHS
Morocco,1997,,N/A,N/A,28.1,Survey,1997 ENSME
Morocco,2003,,N/A,N/A,26.4,Survey,2003-2004 DHS
Morocco,2010,,N/A,N/A,26.299999,Survey,2011 ENPSF
Morocco,2018,,N/A,N/A,24.4,Survey,2018 ENPSF
Myanmar,1997,,N/A,N/A,26,Survey,1997 FRHS
Myanmar,2001,,N/A,N/A,25.799999,Survey,2001 FRHS
Namibia,1989,,N/A,N/A,19.4,Survey,1989 Demographic and Health Survey
Namibia,1992,,N/A,N/A,26.4,Survey,1992 DHS
Nauru,2007,,N/A,N/A,20.200001,Survey,2007 DHS
Nepal,1976,,N/A,N/A,17.1,Survey,1976 WFS
Nepal,1996,,N/A,N/A,18.6,Survey,1996 DHS
Nepal,2006,,N/A,N/A,19.4,Survey,2006 DHS
Nepal,2014,,N/A,N/A,20.700001,Survey,2014 MICS
Nepal,2016,,N/A,N/A,20.1,Survey,2016 DHS
Nicaragua,1992,,N/A,N/A,19.799999,Survey,1992-1993 ESF
Nicaragua,2006,,N/A,N/A,20.9,Survey,2006-2007 RHS-DHS
Nicaragua,2011,,N/A,N/A,21.1,Survey,2011-2012 NDHS
Nigeria,1990,,N/A,N/A,19.6,Survey,1990 DHS
Nigeria,2007,,N/A,N/A,21.5,Survey,2007 MICS
Nigeria,2011,,N/A,N/A,21.700001,Survey,2011 MICS
Pakistan,2012,,N/A,N/A,23.1,Survey,2012-2013 DHS
Peru,1986,,N/A,N/A,23.1,Survey,1986 DHS
Peru,1991,,N/A,N/A,23.9,Survey,1991-1992 DHS
Peru,2000,,N/A,N/A,23.6,Survey,2000 DHS
Peru,2013,,N/A,N/A,23.4,Survey,2013 DHS
Peru,2014,,N/A,N/A,23.5,Survey,2014 DHS
Peru,2015,,N/A,N/A,22.9,Survey,2015 DHS
Peru,2016,,N/A,N/A,23.299999,Survey,2016 DHS
Philippines,1978,,N/A,N/A,24.5,Survey,1978 WFS
Philippines,1993,,N/A,N/A,23.4,Survey,1993 DHS
Philippines,1998,,N/A,N/A,23.5,Survey,1998 DHS
Philippines,1999,,N/A,N/A,24.200001,Survey,1999 MICS
Philippines,2003,,N/A,N/A,23.200001,Survey,2003 DHS
Philippines,2008,,N/A,N/A,23.299999,Survey,2008 DHS
Philippines,2013,,N/A,N/A,23.4,Survey,2013 DHS
Philippines,2017,,N/A,N/A,23.4,Survey,2017 DHS
Moldova,1997,,N/A,N/A,20.799999,Survey,1997 RHS
Rwanda,1970,,N/A,N/A,20.1,Survey,1970 ED
Rwanda,1983,,N/A,N/A,21.1,Survey,1983 WFS
Rwanda,1992,,N/A,N/A,22.700001,Survey,1992 DHS
Saint Pierre and Miquelon,1990,,N/A,N/A,27.4,Census,1990 Census
Sao Tome and Principe,2014,,N/A,N/A,21,Survey,2014 MICS
Senegal,1978,,N/A,N/A,17.9,Survey,1978 WFS
Senegal,1986,,N/A,N/A,19.5,Survey,1986 DHS
Senegal,1992,,N/A,N/A,20.9,Survey,1992-1993 DHS
Senegal,1997,,N/A,N/A,21.5,Survey,1997 DHS
Senegal,1999,,N/A,N/A,21.6,Survey,1999 DHS
Serbia,2005,,N/A,N/A,25.1,Survey,2005-2006 MICS
Serbia,2010,,N/A,N/A,26,Survey,2010 MICS
Serbia,2014,,N/A,N/A,26.6,Survey,2014 MICS
Sierra Leone,2005,,N/A,N/A,19.5,Survey,2005 MICS
Sierra Leone,2010,,N/A,N/A,21,Survey,2010 MICS
Somalia,2006,,N/A,N/A,20.4,Survey,2006 MICS
Palestine,1996,,N/A,N/A,21.6,Survey,1996 HS
Palestine,2000,,N/A,N/A,21.700001,Survey,2000 HS
Palestine,2004,,N/A,N/A,22.4,Survey,2004 DHS
Palestine,2006,,N/A,N/A,22.9,Survey,2006 FHS-MICS
Palestine,2010,,N/A,N/A,23.200001,Survey,2010 MICS_HH
Palestine,2014,,N/A,N/A,22.5,Survey,2014 MICS
Sudan,1989,,N/A,N/A,24.1,Survey,1989-1990 DHS
Sudan,2014,,N/A,N/A,21.9,Survey,2014 MICS
Suriname,1999,,N/A,N/A,20.799999,Survey,2000 MICS
Suriname,2006,,N/A,N/A,22.700001,Survey,2006 MICS
Suriname,2010,,N/A,N/A,22.799999,Survey,2010 MICS
Syria,2006,,N/A,N/A,25.4,Survey,2006 MICS
Macedonia,2011,,N/A,N/A,25.5,Survey,2011 MICS
Tajikistan,2005,,N/A,N/A,22.9,Survey,2005 MICS
Tajikistan,2012,,N/A,N/A,21.9,Survey,2012 DHS
Tajikistan,2017,,N/A,N/A,20.700001,Survey,2017 DHS
Togo,1988,,N/A,N/A,20.299999,Survey,1988 DHS
Togo,2010,,N/A,N/A,22.4,Survey,2010 MICS
Tokelau,1991,,N/A,N/A,25.6,Census,1991 Census
Turkey,1978,,N/A,N/A,20.5,Survey,1978 WFS
Turkey,1983,,N/A,N/A,20.799999,Survey,1983 PHS
Turkey,1988,,N/A,N/A,21.9,Survey,1988 PHS
Turkey,1993,,N/A,N/A,22.4,Survey,1993 DHS
Turkey,1998,,N/A,N/A,22,Survey,1998 DHS
Turkey,2003,,N/A,N/A,23.4,Survey,2003 DHS
Turkey,2008,,N/A,N/A,24.200001,Survey,2008 DHS
Turkey,2013,,N/A,N/A,23.4,Survey,2013 NDHS
Turkmenistan,2000,,N/A,N/A,23.4,Survey,2000 DHS
Turkmenistan,2006,,N/A,N/A,24.799999,Survey,2006 MICS
Turkmenistan,2015,,N/A,N/A,23.5,Survey,2015 MICS
Turks and Caicos Islands,1970,,N/A,N/A,23.4,Census,1970 Census
Turks and Caicos Islands,2001,,N/A,N/A,25.200001,Census,2001 Census
Uganda,1988,,N/A,N/A,19,Survey,1988-1989 DHS
Ukraine,1999,,N/A,N/A,21.5,Survey,1999 RHS
Ukraine,2005,,N/A,N/A,23.9,Survey,2005 MICS
Ukraine,2012,,N/A,N/A,23,Survey,2012 MICS
Tanzania,1973,,N/A,N/A,18.5,Survey,1973 NDS
United States,1995,,N/A,N/A,23.299999,Survey,1995 NSFG
United States,2002,,N/A,N/A,23.700001,Survey,2002 NSFG
United States,2006,,N/A,N/A,23.700001,Survey,2006-2008 NSFG
Uzbekistan,1996,,N/A,N/A,20.6,Survey,1996 DHS
Uzbekistan,2006,,N/A,N/A,22.5,Survey,2006 MICS
Vietnam,1988,,N/A,N/A,23.6,Survey,1988 DHS
Vietnam,2006,,N/A,N/A,22.799999,Survey,2006 MICS
Vietnam,2010,,N/A,N/A,22.299999,Survey,2011 MICS
Vietnam,2013,,N/A,N/A,22.4,Survey,2013-2014 MICS
Yemen,1997,,N/A,N/A,20.700001,Survey,1997 DHS
Zambia,1992,,N/A,N/A,20,Survey,1992 DHS
Zimbabwe,1988,,N/A,N/A,20.700001,Survey,1988 DHS
Zimbabwe,2014,,N/A,N/A,20.299999,Survey,2014 MICS