country,year,un_source,percent_of_1person_hh,source
Afghanistan,2015,DHS,0.189425072,"United Nations Database on Household Size and Composition, 2018"
Albania,2011,DYB,8.274421193,"United Nations Database on Household Size and Composition, 2018"
Angola,2007,DHS,4.082941892,"United Nations Database on Household Size and Composition, 2018"
Angola,2011,DHS,6.603705049,"United Nations Database on Household Size and Composition, 2018"
Angola,2016,DHS,10.81314627,"United Nations Database on Household Size and Composition, 2018"
Argentina,1970,IPUMS,10.25626207,"United Nations Database on Household Size and Composition, 2018"
Argentina,1980,IPUMS,10.38154609,"United Nations Database on Household Size and Composition, 2018"
Argentina,2001,IPUMS,14.88346843,"United Nations Database on Household Size and Composition, 2018"
Argentina,2010,IPUMS,17.59833909,"United Nations Database on Household Size and Composition, 2018"
Armenia,2000,DHS,8.410597501,"United Nations Database on Household Size and Composition, 2018"
Armenia,2005,DHS,13.06479534,"United Nations Database on Household Size and Composition, 2018"
Armenia,2010,DHS,15.26327762,"United Nations Database on Household Size and Composition, 2018"
Aruba,2010,DYB,21.36749684,"United Nations Database on Household Size and Composition, 2018"
Australia,1996,N/A,22.1,"Australian Bureau of Census, Census Data"
Australia,2001,N/A,22.9,"Australian Bureau of Census, Census Data"
Australia,2011,N/A,24.4,"Australian Bureau of Census, Census Data"
Australia,2016,N/A,24.9918519,"Australian Bureau of Census, Census Data"
Austria,2003,N/A,31.6,Eurostat EU-SILC
Austria,2004,N/A,34.1,Eurostat EU-SILC
Austria,2005,N/A,34.5,Eurostat EU-SILC
Austria,2006,N/A,34.7,Eurostat EU-SILC
Austria,2007,N/A,35,Eurostat EU-SILC
Austria,2008,N/A,35.3,Eurostat EU-SILC
Austria,2009,N/A,35.7,Eurostat EU-SILC
Austria,2010,N/A,36,Eurostat EU-SILC
Austria,2011,N/A,36.2,Eurostat EU-SILC
Austria,2012,N/A,36.5,Eurostat EU-SILC
Austria,2013,N/A,36.7,Eurostat EU-SILC
Austria,2014,N/A,37,Eurostat EU-SILC
Austria,2015,N/A,37.2,Eurostat EU-SILC
Austria,2016,N/A,37,Eurostat EU-SILC
Austria,2017,N/A,37,Eurostat EU-SILC
Austria,2018,N/A,37.2,Eurostat EU-SILC
Azerbaijan,2009,DYB,6.766349797,"United Nations Database on Household Size and Composition, 2018"
Bahamas,2010,DYB,17.73097958,"United Nations Database on Household Size and Composition, 2018"
Bangladesh,1994,DHS,1.545442896,"United Nations Database on Household Size and Composition, 2018"
Bangladesh,1997,DHS,1.883779236,"United Nations Database on Household Size and Composition, 2018"
Bangladesh,2000,DHS,1.5271554,"United Nations Database on Household Size and Composition, 2018"
Bangladesh,2004,DHS,1.702454098,"United Nations Database on Household Size and Composition, 2018"
Bangladesh,2007,DHS,2.257475128,"United Nations Database on Household Size and Composition, 2018"
Bangladesh,2011,DHS,1.735012545,"United Nations Database on Household Size and Composition, 2018"
Bangladesh,2014,DHS,1.738486814,"United Nations Database on Household Size and Composition, 2018"
Belarus,1999,DYB,26.15616081,"United Nations Database on Household Size and Composition, 2018"
Belarus,2009,DYB,29.65364786,"United Nations Database on Household Size and Composition, 2018"
Belgium,2003,N/A,33,Eurostat EU-SILC
Belgium,2004,N/A,32.4,Eurostat EU-SILC
Belgium,2005,N/A,33.9,Eurostat EU-SILC
Belgium,2006,N/A,33.5,Eurostat EU-SILC
Belgium,2007,N/A,34.1,Eurostat EU-SILC
Belgium,2008,N/A,34.8,Eurostat EU-SILC
Belgium,2009,N/A,34.6,Eurostat EU-SILC
Belgium,2010,N/A,34.6,Eurostat EU-SILC
Belgium,2011,N/A,34.9,Eurostat EU-SILC
Belgium,2012,N/A,34.9,Eurostat EU-SILC
Belgium,2013,N/A,34.5,Eurostat EU-SILC
Belgium,2014,N/A,34.3,Eurostat EU-SILC
Belgium,2015,N/A,34.6,Eurostat EU-SILC
Belgium,2016,N/A,34.1,Eurostat EU-SILC
Belgium,2017,N/A,34,Eurostat EU-SILC
Belgium,2018,N/A,34.7,Eurostat EU-SILC
Benin,1996,DHS,8.703389939,"United Nations Database on Household Size and Composition, 2018"
Benin,2001,DHS,11.85959957,"United Nations Database on Household Size and Composition, 2018"
Benin,2006,DHS,10.50150165,"United Nations Database on Household Size and Composition, 2018"
Benin,2012,DHS,10.26512972,"United Nations Database on Household Size and Composition, 2018"
Bermuda,2000,DYB,27.87498012,"United Nations Database on Household Size and Composition, 2018"
Bermuda,2010,DYB,28.87493964,"United Nations Database on Household Size and Composition, 2018"
Bolivia,1994,DHS,8.234653737,"United Nations Database on Household Size and Composition, 2018"
Bolivia,1998,DHS,10.00911794,"United Nations Database on Household Size and Composition, 2018"
Bolivia,2003,DHS,12.12090141,"United Nations Database on Household Size and Composition, 2018"
Bolivia,2008,DHS,12.76075304,"United Nations Database on Household Size and Composition, 2018"
Botswana,1981,IPUMS,10.82652881,"United Nations Database on Household Size and Composition, 2018"
Botswana,1991,IPUMS,18.04127444,"United Nations Database on Household Size and Composition, 2018"
Botswana,2001,IPUMS,23.27897208,"United Nations Database on Household Size and Composition, 2018"
Botswana,2011,IPUMS,27.89102064,"United Nations Database on Household Size and Composition, 2018"
Brazil,1960,IPUMS,4.84925574,"United Nations Database on Household Size and Composition, 2018"
Brazil,1970,IPUMS,5.214227261,"United Nations Database on Household Size and Composition, 2018"
Brazil,1980,IPUMS,6.12647022,"United Nations Database on Household Size and Composition, 2018"
Brazil,1991,IPUMS,6.668220469,"United Nations Database on Household Size and Composition, 2018"
Brazil,2000,IPUMS,8.929955111,"United Nations Database on Household Size and Composition, 2018"
Brazil,2010,IPUMS,12.00075542,"United Nations Database on Household Size and Composition, 2018"
Brunei,2011,DYB,7.216026496,"United Nations Database on Household Size and Composition, 2018"
Bulgaria,2005,N/A,18.6,Eurostat EU-SILC
Bulgaria,2006,N/A,18.6,Eurostat EU-SILC
Bulgaria,2007,N/A,21.1,Eurostat EU-SILC
Bulgaria,2008,N/A,18.4,Eurostat EU-SILC
Bulgaria,2009,N/A,19.1,Eurostat EU-SILC
Bulgaria,2010,N/A,19.4,Eurostat EU-SILC
Bulgaria,2011,N/A,19.9,Eurostat EU-SILC
Bulgaria,2012,N/A,21.6,Eurostat EU-SILC
Bulgaria,2013,N/A,22.4,Eurostat EU-SILC
Bulgaria,2014,N/A,24.2,Eurostat EU-SILC
Bulgaria,2015,N/A,28.9,Eurostat EU-SILC
Bulgaria,2016,N/A,30.6,Eurostat EU-SILC
Bulgaria,2017,N/A,31,Eurostat EU-SILC
Bulgaria,2018,N/A,33.3,Eurostat EU-SILC
Burkina Faso,1993,DHS,5.025886644,"United Nations Database on Household Size and Composition, 2018"
Burkina Faso,1999,DHS,4.390338573,"United Nations Database on Household Size and Composition, 2018"
Burkina Faso,2003,DHS,6.14808834,"United Nations Database on Household Size and Composition, 2018"
Burkina Faso,2010,DHS,6.326637238,"United Nations Database on Household Size and Composition, 2018"
Burkina Faso,2014,DHS,6.640298513,"United Nations Database on Household Size and Composition, 2018"
Burundi,2010,DHS,5.771999952,"United Nations Database on Household Size and Composition, 2018"
Burundi,2012,DHS,6.191147209,"United Nations Database on Household Size and Composition, 2018"
Burundi,2016,DHS,6.042050951,"United Nations Database on Household Size and Composition, 2018"
Cambodia,2000,DHS,1.865142063,"United Nations Database on Household Size and Composition, 2018"
Cambodia,2005,DHS,2.949574311,"United Nations Database on Household Size and Composition, 2018"
Cambodia,2010,DHS,2.833942987,"United Nations Database on Household Size and Composition, 2018"
Cambodia,2014,DHS,3.37234042,"United Nations Database on Household Size and Composition, 2018"
Cameroon,1991,DHS,14.18673138,"United Nations Database on Household Size and Composition, 2018"
Cameroon,1998,DHS,12.70167367,"United Nations Database on Household Size and Composition, 2018"
Cameroon,2004,DHS,17.60038526,"United Nations Database on Household Size and Composition, 2018"
Cameroon,2011,DHS,15.14269148,"United Nations Database on Household Size and Composition, 2018"
Canada,2001,DYB,25.74493156,"United Nations Database on Household Size and Composition, 2018"
Canada,2006,DYB,26.75021528,"United Nations Database on Household Size and Composition, 2018"
Canada,2011,DYB,27.57617707,"United Nations Database on Household Size and Composition, 2018"
Central African Republic,1994,DHS,13.50336163,"United Nations Database on Household Size and Composition, 2018"
Chad,1997,DHS,9.559245282,"United Nations Database on Household Size and Composition, 2018"
Chad,2004,DHS,8.028637267,"United Nations Database on Household Size and Composition, 2018"
Chad,2015,DHS,7.732240271,"United Nations Database on Household Size and Composition, 2018"
Chile,1970,IPUMS,5.691567639,"United Nations Database on Household Size and Composition, 2018"
Chile,1982,IPUMS,6.945170983,"United Nations Database on Household Size and Composition, 2018"
Chile,1992,IPUMS,8.316079008,"United Nations Database on Household Size and Composition, 2018"
Chile,2002,IPUMS,11.42539368,"United Nations Database on Household Size and Composition, 2018"
China,1982,IPUMS,7.993996544,"United Nations Database on Household Size and Composition, 2018"
China,1990,IPUMS,6.318387325,"United Nations Database on Household Size and Composition, 2018"
China,2000,IPUMS,8.589161342,"United Nations Database on Household Size and Composition, 2018"
Hong Kong,2006,DYB,16.5122571,"United Nations Database on Household Size and Composition, 2018"
Hong Kong,2011,DYB,17.05879274,"United Nations Database on Household Size and Composition, 2018"
Macao,2011,DYB,15.21587642,"United Nations Database on Household Size and Composition, 2018"
Colombia,1990,DHS,6.624852222,"United Nations Database on Household Size and Composition, 2018"
Colombia,1995,DHS,6.390415956,"United Nations Database on Household Size and Composition, 2018"
Colombia,2000,DHS,7.672811586,"United Nations Database on Household Size and Composition, 2018"
Colombia,2005,DHS,7.650872912,"United Nations Database on Household Size and Composition, 2018"
Colombia,2010,DHS,9.438077262,"United Nations Database on Household Size and Composition, 2018"
Colombia,2015,DHS,11.1259082,"United Nations Database on Household Size and Composition, 2018"
Comoros,1996,DHS,2.31316726,"United Nations Database on Household Size and Composition, 2018"
Comoros,2012,DHS,4.910657195,"United Nations Database on Household Size and Composition, 2018"
Congo,2005,DHS,8.861331316,"United Nations Database on Household Size and Composition, 2018"
Congo,2009,DHS,12.26820632,"United Nations Database on Household Size and Composition, 2018"
Congo,2011,DHS,13.08864795,"United Nations Database on Household Size and Composition, 2018"
Costa Rica,1973,IPUMS,4.732385848,"United Nations Database on Household Size and Composition, 2018"
Costa Rica,1984,IPUMS,5.364396188,"United Nations Database on Household Size and Composition, 2018"
Costa Rica,2000,IPUMS,8.001707586,"United Nations Database on Household Size and Composition, 2018"
Costa Rica,2011,IPUMS,11.2267724,"United Nations Database on Household Size and Composition, 2018"
Croatia,2010,N/A,24.6,Eurostat EU-SILC
Croatia,2011,N/A,24.6,Eurostat EU-SILC
Croatia,2012,N/A,24.6,Eurostat EU-SILC
Croatia,2013,N/A,24.6,Eurostat EU-SILC
Croatia,2014,N/A,24.6,Eurostat EU-SILC
Croatia,2015,N/A,24.6,Eurostat EU-SILC
Croatia,2016,N/A,24.6,Eurostat EU-SILC
Croatia,2017,N/A,24.3,Eurostat EU-SILC
Croatia,2018,N/A,24.4,Eurostat EU-SILC
Cuba,2002,IPUMS,13.73013554,"United Nations Database on Household Size and Composition, 2018"
Cyprus,2005,N/A,16,Eurostat EU-SILC
Cyprus,2006,N/A,16,Eurostat EU-SILC
Cyprus,2007,N/A,16,Eurostat EU-SILC
Cyprus,2008,N/A,20.8,Eurostat EU-SILC
Cyprus,2009,N/A,20.8,Eurostat EU-SILC
Cyprus,2010,N/A,20.8,Eurostat EU-SILC
Cyprus,2011,N/A,20.8,Eurostat EU-SILC
Cyprus,2012,N/A,20.7,Eurostat EU-SILC
Cyprus,2013,N/A,20.8,Eurostat EU-SILC
Cyprus,2014,N/A,20.8,Eurostat EU-SILC
Cyprus,2015,N/A,20.7,Eurostat EU-SILC
Cyprus,2016,N/A,20.8,Eurostat EU-SILC
Cyprus,2017,N/A,20.8,Eurostat EU-SILC
Cyprus,2018,N/A,20.8,Eurostat EU-SILC
Czech Republic,2005,N/A,22.8,Eurostat EU-SILC
Czech Republic,2006,N/A,23.7,Eurostat EU-SILC
Czech Republic,2007,N/A,23.8,Eurostat EU-SILC
Czech Republic,2008,N/A,24.8,Eurostat EU-SILC
Czech Republic,2009,N/A,24.5,Eurostat EU-SILC
Czech Republic,2010,N/A,23.5,Eurostat EU-SILC
Czech Republic,2011,N/A,23.7,Eurostat EU-SILC
Czech Republic,2012,N/A,27.2,Eurostat EU-SILC
Czech Republic,2013,N/A,27.8,Eurostat EU-SILC
Czech Republic,2014,N/A,27.9,Eurostat EU-SILC
Czech Republic,2015,N/A,27.9,Eurostat EU-SILC
Czech Republic,2016,N/A,28.4,Eurostat EU-SILC
Czech Republic,2017,N/A,28.3,Eurostat EU-SILC
Czech Republic,2018,N/A,28.7,Eurostat EU-SILC
Cote d'Ivoire,1994,DHS,13.88433708,"United Nations Database on Household Size and Composition, 2018"
Cote d'Ivoire,1998,DHS,11.40531471,"United Nations Database on Household Size and Composition, 2018"
Cote d'Ivoire,2005,DHS,11.44494507,"United Nations Database on Household Size and Composition, 2018"
Cote d'Ivoire,2012,DHS,12.17714645,"United Nations Database on Household Size and Composition, 2018"
Democratic Republic of Congo,2007,DHS,6.727813033,"United Nations Database on Household Size and Composition, 2018"
Democratic Republic of Congo,2013,DHS,7.253944633,"United Nations Database on Household Size and Composition, 2018"
Denmark,2003,N/A,43.8,Eurostat EU-SILC
Denmark,2004,N/A,43.5,Eurostat EU-SILC
Denmark,2005,N/A,43.7,Eurostat EU-SILC
Denmark,2006,N/A,43.9,Eurostat EU-SILC
Denmark,2007,N/A,44.3,Eurostat EU-SILC
Denmark,2008,N/A,45.8,Eurostat EU-SILC
Denmark,2009,N/A,46.1,Eurostat EU-SILC
Denmark,2010,N/A,46.2,Eurostat EU-SILC
Denmark,2011,N/A,44,Eurostat EU-SILC
Denmark,2012,N/A,44.2,Eurostat EU-SILC
Denmark,2013,N/A,45.1,Eurostat EU-SILC
Denmark,2014,N/A,45,Eurostat EU-SILC
Denmark,2015,N/A,45,Eurostat EU-SILC
Denmark,2016,N/A,44.8,Eurostat EU-SILC
Denmark,2017,N/A,43.4,Eurostat EU-SILC
Denmark,2018,N/A,44.1,Eurostat EU-SILC
Dominican Republic,1996,DHS,8.312300349,"United Nations Database on Household Size and Composition, 2018"
Dominican Republic,1999,DHS,8.146564136,"United Nations Database on Household Size and Composition, 2018"
Dominican Republic,2002,DHS,11.03890575,"United Nations Database on Household Size and Composition, 2018"
Dominican Republic,2007,DHS,12.22506648,"United Nations Database on Household Size and Composition, 2018"
Dominican Republic,2013,DHS,14.33210278,"United Nations Database on Household Size and Composition, 2018"
Ecuador,1974,IPUMS,6.938578841,"United Nations Database on Household Size and Composition, 2018"
Ecuador,1982,IPUMS,7.687129694,"United Nations Database on Household Size and Composition, 2018"
Ecuador,1990,IPUMS,7.636873528,"United Nations Database on Household Size and Composition, 2018"
Ecuador,2001,IPUMS,9.157058138,"United Nations Database on Household Size and Composition, 2018"
Ecuador,2010,IPUMS,12.12348666,"United Nations Database on Household Size and Composition, 2018"
Egypt,1992,DHS,4.613305956,"United Nations Database on Household Size and Composition, 2018"
Egypt,1995,DHS,5.403063128,"United Nations Database on Household Size and Composition, 2018"
Egypt,2000,DHS,4.973597495,"United Nations Database on Household Size and Composition, 2018"
Egypt,2003,DHS,5.762410306,"United Nations Database on Household Size and Composition, 2018"
Egypt,2005,DHS,5.2738374,"United Nations Database on Household Size and Composition, 2018"
Egypt,2008,DHS,5.479661745,"United Nations Database on Household Size and Composition, 2018"
Egypt,2014,DHS,6.478594966,"United Nations Database on Household Size and Composition, 2018"
El Salvador,1992,IPUMS,7.551529044,"United Nations Database on Household Size and Composition, 2018"
El Salvador,2007,IPUMS,8.822713598,"United Nations Database on Household Size and Composition, 2018"
Estonia,2004,N/A,32,Eurostat EU-SILC
Estonia,2005,N/A,31.1,Eurostat EU-SILC
Estonia,2006,N/A,33.2,Eurostat EU-SILC
Estonia,2007,N/A,33.6,Eurostat EU-SILC
Estonia,2008,N/A,34.4,Eurostat EU-SILC
Estonia,2009,N/A,34.2,Eurostat EU-SILC
Estonia,2010,N/A,34.5,Eurostat EU-SILC
Estonia,2011,N/A,34.9,Eurostat EU-SILC
Estonia,2012,N/A,36,Eurostat EU-SILC
Estonia,2013,N/A,36,Eurostat EU-SILC
Estonia,2014,N/A,36,Eurostat EU-SILC
Estonia,2015,N/A,36.3,Eurostat EU-SILC
Estonia,2016,N/A,38,Eurostat EU-SILC
Estonia,2017,N/A,39.7,Eurostat EU-SILC
Estonia,2018,N/A,40.3,Eurostat EU-SILC
Ethiopia,2000,DHS,5.125731809,"United Nations Database on Household Size and Composition, 2018"
Ethiopia,2005,DHS,5.001709092,"United Nations Database on Household Size and Composition, 2018"
Ethiopia,2011,DHS,7.575711552,"United Nations Database on Household Size and Composition, 2018"
Ethiopia,2016,DHS,7.521216404,"United Nations Database on Household Size and Composition, 2018"
European Union (28 countries),2010,N/A,30.9,Eurostat EU-SILC
European Union (28 countries),2011,N/A,31.1,Eurostat EU-SILC
European Union (28 countries),2012,N/A,31.2,Eurostat EU-SILC
European Union (28 countries),2013,N/A,31.6,Eurostat EU-SILC
European Union (28 countries),2014,N/A,32,Eurostat EU-SILC
European Union (28 countries),2015,N/A,32.3,Eurostat EU-SILC
European Union (28 countries),2016,N/A,32.5,Eurostat EU-SILC
European Union (28 countries),2017,N/A,32.8,Eurostat EU-SILC
European Union (28 countries),2018,N/A,33,Eurostat EU-SILC
Fiji,1976,IPUMS,3.205128205,"United Nations Database on Household Size and Composition, 2018"
Fiji,1986,IPUMS,3.619322278,"United Nations Database on Household Size and Composition, 2018"
Fiji,1996,IPUMS,3.98353565,"United Nations Database on Household Size and Composition, 2018"
Fiji,2007,IPUMS,5.546852335,"United Nations Database on Household Size and Composition, 2018"
Finland,2004,N/A,37.9,Eurostat EU-SILC
Finland,2005,N/A,38.3,Eurostat EU-SILC
Finland,2006,N/A,38.5,Eurostat EU-SILC
Finland,2007,N/A,38.5,Eurostat EU-SILC
Finland,2008,N/A,39.2,Eurostat EU-SILC
Finland,2009,N/A,39.8,Eurostat EU-SILC
Finland,2010,N/A,39.5,Eurostat EU-SILC
Finland,2011,N/A,40.1,Eurostat EU-SILC
Finland,2012,N/A,40.2,Eurostat EU-SILC
Finland,2013,N/A,40.3,Eurostat EU-SILC
Finland,2014,N/A,40.8,Eurostat EU-SILC
Finland,2015,N/A,40.9,Eurostat EU-SILC
Finland,2016,N/A,41.3,Eurostat EU-SILC
Finland,2017,N/A,41.6,Eurostat EU-SILC
Finland,2018,N/A,43,Eurostat EU-SILC
France,2004,N/A,32.8,Eurostat EU-SILC
France,2005,N/A,31.4,Eurostat EU-SILC
France,2006,N/A,31.2,Eurostat EU-SILC
France,2007,N/A,33.9,Eurostat EU-SILC
France,2008,N/A,34.6,Eurostat EU-SILC
France,2009,N/A,34.4,Eurostat EU-SILC
France,2010,N/A,35.3,Eurostat EU-SILC
France,2011,N/A,34.2,Eurostat EU-SILC
France,2012,N/A,34.7,Eurostat EU-SILC
France,2013,N/A,35.2,Eurostat EU-SILC
France,2014,N/A,35.4,Eurostat EU-SILC
France,2015,N/A,35.9,Eurostat EU-SILC
France,2016,N/A,35.7,Eurostat EU-SILC
France,2017,N/A,36,Eurostat EU-SILC
France,2018,N/A,36.2,Eurostat EU-SILC
French Polynesia,2007,DYB,13.17600787,"United Nations Database on Household Size and Composition, 2018"
Gabon,2000,DHS,19.28867044,"United Nations Database on Household Size and Composition, 2018"
Gabon,2012,DHS,22.42201356,"United Nations Database on Household Size and Composition, 2018"
Gambia,2013,DHS,8.385145997,"United Nations Database on Household Size and Composition, 2018"
Georgia,2002,DYB,16.30066331,"United Nations Database on Household Size and Composition, 2018"
Germany,2005,N/A,37.1,Eurostat EU-SILC
Germany,2006,N/A,38.1,Eurostat EU-SILC
Germany,2007,N/A,38.4,Eurostat EU-SILC
Germany,2008,N/A,39.1,Eurostat EU-SILC
Germany,2009,N/A,39.5,Eurostat EU-SILC
Germany,2010,N/A,39.8,Eurostat EU-SILC
Germany,2011,N/A,40.1,Eurostat EU-SILC
Germany,2012,N/A,40.2,Eurostat EU-SILC
Germany,2013,N/A,40.2,Eurostat EU-SILC
Germany,2014,N/A,40.5,Eurostat EU-SILC
Germany,2015,N/A,41.2,Eurostat EU-SILC
Germany,2016,N/A,40.8,Eurostat EU-SILC
Germany,2017,N/A,41.5,Eurostat EU-SILC
Germany,2018,N/A,41.7,Eurostat EU-SILC
Ghana,1993,DHS,24.31642304,"United Nations Database on Household Size and Composition, 2018"
Ghana,1999,DHS,26.1342729,"United Nations Database on Household Size and Composition, 2018"
Ghana,2003,DHS,20.76049926,"United Nations Database on Household Size and Composition, 2018"
Ghana,2008,DHS,21.92913739,"United Nations Database on Household Size and Composition, 2018"
Ghana,2014,DHS,25.87767982,"United Nations Database on Household Size and Composition, 2018"
Greece,2003,N/A,19.7,Eurostat EU-SILC
Greece,2004,N/A,19.7,Eurostat EU-SILC
Greece,2005,N/A,19.8,Eurostat EU-SILC
Greece,2006,N/A,19.8,Eurostat EU-SILC
Greece,2007,N/A,20,Eurostat EU-SILC
Greece,2008,N/A,20.1,Eurostat EU-SILC
Greece,2009,N/A,20.2,Eurostat EU-SILC
Greece,2010,N/A,20.3,Eurostat EU-SILC
Greece,2011,N/A,20.4,Eurostat EU-SILC
Greece,2012,N/A,20.6,Eurostat EU-SILC
Greece,2013,N/A,25.7,Eurostat EU-SILC
Greece,2014,N/A,25.7,Eurostat EU-SILC
Greece,2015,N/A,25.7,Eurostat EU-SILC
Greece,2016,N/A,25.7,Eurostat EU-SILC
Greece,2017,N/A,25.7,Eurostat EU-SILC
Greece,2018,N/A,25.7,Eurostat EU-SILC
Guatemala,1995,DHS,3.798205227,"United Nations Database on Household Size and Composition, 2018"
Guatemala,1999,DHS,4.095099119,"United Nations Database on Household Size and Composition, 2018"
Guatemala,2015,DHS,4.326958785,"United Nations Database on Household Size and Composition, 2018"
Guinea,1999,DHS,4.642497932,"United Nations Database on Household Size and Composition, 2018"
Guinea,2005,DHS,5.404126666,"United Nations Database on Household Size and Composition, 2018"
Guinea,2012,DHS,4.531494181,"United Nations Database on Household Size and Composition, 2018"
Guyana,2005,DHS,9.695523994,"United Nations Database on Household Size and Composition, 2018"
Guyana,2009,DHS,12.87004026,"United Nations Database on Household Size and Composition, 2018"
Haiti,1994,DHS,8.072025276,"United Nations Database on Household Size and Composition, 2018"
Haiti,2000,DHS,8.199069513,"United Nations Database on Household Size and Composition, 2018"
Haiti,2006,DHS,8.616712165,"United Nations Database on Household Size and Composition, 2018"
Haiti,2012,DHS,9.885876923,"United Nations Database on Household Size and Composition, 2018"
Honduras,2006,DHS,5.523961152,"United Nations Database on Household Size and Composition, 2018"
Honduras,2012,DHS,6.687692161,"United Nations Database on Household Size and Composition, 2018"
Hungary,2005,N/A,29,Eurostat EU-SILC
Hungary,2006,N/A,24.7,Eurostat EU-SILC
Hungary,2007,N/A,24.4,Eurostat EU-SILC
Hungary,2008,N/A,24.1,Eurostat EU-SILC
Hungary,2009,N/A,24.1,Eurostat EU-SILC
Hungary,2010,N/A,23.9,Eurostat EU-SILC
Hungary,2011,N/A,29.9,Eurostat EU-SILC
Hungary,2012,N/A,31,Eurostat EU-SILC
Hungary,2013,N/A,32,Eurostat EU-SILC
Hungary,2014,N/A,32.3,Eurostat EU-SILC
Hungary,2015,N/A,33,Eurostat EU-SILC
Hungary,2016,N/A,33.8,Eurostat EU-SILC
Hungary,2017,N/A,33.8,Eurostat EU-SILC
Hungary,2018,N/A,33.2,Eurostat EU-SILC
Iceland,2004,N/A,29.5,Eurostat EU-SILC
Iceland,2005,N/A,28.7,Eurostat EU-SILC
Iceland,2006,N/A,27.4,Eurostat EU-SILC
Iceland,2007,N/A,27.5,Eurostat EU-SILC
Iceland,2008,N/A,29.3,Eurostat EU-SILC
Iceland,2009,N/A,30.3,Eurostat EU-SILC
Iceland,2010,N/A,31.2,Eurostat EU-SILC
Iceland,2011,N/A,30.9,Eurostat EU-SILC
Iceland,2012,N/A,31.1,Eurostat EU-SILC
Iceland,2013,N/A,29.3,Eurostat EU-SILC
Iceland,2014,N/A,29.3,Eurostat EU-SILC
Iceland,2015,N/A,31.1,Eurostat EU-SILC
Iceland,2016,N/A,31,Eurostat EU-SILC
India,1983,IPUMS,7.817784281,"United Nations Database on Household Size and Composition, 2018"
India,1987,IPUMS,7.240799153,"United Nations Database on Household Size and Composition, 2018"
India,1993,IPUMS,6.946856583,"United Nations Database on Household Size and Composition, 2018"
India,1999,IPUMS,6.562453743,"United Nations Database on Household Size and Composition, 2018"
India,2004,IPUMS,6.919352908,"United Nations Database on Household Size and Composition, 2018"
India,2009,IPUMS,7.664429863,"United Nations Database on Household Size and Composition, 2018"
Indonesia,1971,IPUMS,4.667492608,"United Nations Database on Household Size and Composition, 2018"
Indonesia,1976,IPUMS,4.668445889,"United Nations Database on Household Size and Composition, 2018"
Indonesia,1980,IPUMS,4.641785932,"United Nations Database on Household Size and Composition, 2018"
Indonesia,1985,IPUMS,4.880121883,"United Nations Database on Household Size and Composition, 2018"
Indonesia,1990,IPUMS,5.419497167,"United Nations Database on Household Size and Composition, 2018"
Indonesia,1995,IPUMS,5.697882449,"United Nations Database on Household Size and Composition, 2018"
Indonesia,2000,IPUMS,6.676955657,"United Nations Database on Household Size and Composition, 2018"
Indonesia,2005,IPUMS,6.033661636,"United Nations Database on Household Size and Composition, 2018"
Indonesia,2010,IPUMS,8.258493216,"United Nations Database on Household Size and Composition, 2018"
Iran,2006,DYB,5.204606365,"United Nations Database on Household Size and Composition, 2018"
Iran,2011,DYB,7.161897448,"United Nations Database on Household Size and Composition, 2018"
Iraq,1997,IPUMS,1.226552676,"United Nations Database on Household Size and Composition, 2018"
Ireland,2003,N/A,21.7,Eurostat EU-SILC
Ireland,2004,N/A,21.4,Eurostat EU-SILC
Ireland,2005,N/A,21.7,Eurostat EU-SILC
Ireland,2006,N/A,21.9,Eurostat EU-SILC
Ireland,2007,N/A,21.4,Eurostat EU-SILC
Ireland,2008,N/A,21.7,Eurostat EU-SILC
Ireland,2009,N/A,21.8,Eurostat EU-SILC
Ireland,2010,N/A,22.3,Eurostat EU-SILC
Ireland,2011,N/A,21.7,Eurostat EU-SILC
Ireland,2012,N/A,21.9,Eurostat EU-SILC
Ireland,2013,N/A,22.1,Eurostat EU-SILC
Ireland,2014,N/A,21.4,Eurostat EU-SILC
Ireland,2015,N/A,22.8,Eurostat EU-SILC
Ireland,2016,N/A,23.5,Eurostat EU-SILC
Ireland,2017,N/A,24.3,Eurostat EU-SILC
Israel,1972,IPUMS,12.35974909,"United Nations Database on Household Size and Composition, 2018"
Israel,1983,IPUMS,17.53003921,"United Nations Database on Household Size and Composition, 2018"
Israel,1995,IPUMS,19.65662802,"United Nations Database on Household Size and Composition, 2018"
Italy,2004,N/A,26.8,Eurostat EU-SILC
Italy,2005,N/A,27.5,Eurostat EU-SILC
Italy,2006,N/A,27.9,Eurostat EU-SILC
Italy,2007,N/A,28.7,Eurostat EU-SILC
Italy,2008,N/A,29.3,Eurostat EU-SILC
Italy,2009,N/A,29.8,Eurostat EU-SILC
Italy,2010,N/A,30.3,Eurostat EU-SILC
Italy,2011,N/A,30.3,Eurostat EU-SILC
Italy,2012,N/A,31.6,Eurostat EU-SILC
Italy,2013,N/A,32.5,Eurostat EU-SILC
Italy,2014,N/A,32.9,Eurostat EU-SILC
Italy,2015,N/A,32.1,Eurostat EU-SILC
Italy,2016,N/A,32.4,Eurostat EU-SILC
Italy,2017,N/A,32.3,Eurostat EU-SILC
Italy,2018,N/A,32.6,Eurostat EU-SILC
Jamaica,1982,IPUMS,19.19385425,"United Nations Database on Household Size and Composition, 2018"
Jamaica,1991,IPUMS,19.74721392,"United Nations Database on Household Size and Composition, 2018"
Jamaica,2001,IPUMS,23.30160762,"United Nations Database on Household Size and Composition, 2018"
Japan,1960,N/A,16.51434708,"Japan 2015 Population Census, Population and Households of Japan"
Japan,1970,N/A,20.25758362,"Japan 2015 Population Census, Population and Households of Japan"
Japan,1975,N/A,19.53020859,"Japan 2015 Population Census, Population and Households of Japan"
Japan,1980,N/A,19.83397675,"Japan 2015 Population Census, Population and Households of Japan"
Japan,1985,N/A,20.78630638,"Japan 2015 Population Census, Population and Households of Japan"
Japan,1990,N/A,23.08716583,"Japan 2015 Population Census, Population and Households of Japan"
Japan,1995,N/A,25.60229683,"Japan 2015 Population Census, Population and Households of Japan"
Japan,2000,N/A,27.59867477,"Japan 2015 Population Census, Population and Households of Japan"
Japan,2005,N/A,29.4666481,"Japan 2015 Population Census, Population and Households of Japan"
Japan,2010,N/A,32.37607956,"Japan 2015 Population Census, Population and Households of Japan"
Japan,2015,N/A,34.5345993,"Japan 2015 Population Census, Population and Households of Japan"
Jordan,1997,DHS,4.682568451,"United Nations Database on Household Size and Composition, 2018"
Jordan,2002,DHS,4.544476743,"United Nations Database on Household Size and Composition, 2018"
Jordan,2007,DHS,5.279055394,"United Nations Database on Household Size and Composition, 2018"
Jordan,2009,DHS,4.601669512,"United Nations Database on Household Size and Composition, 2018"
Jordan,2012,DHS,4.350425966,"United Nations Database on Household Size and Composition, 2018"
Kazakhstan,1995,DHS,11.6253231,"United Nations Database on Household Size and Composition, 2018"
Kazakhstan,1999,DHS,13.14019914,"United Nations Database on Household Size and Composition, 2018"
Kenya,1993,DHS,14.48191377,"United Nations Database on Household Size and Composition, 2018"
Kenya,1998,DHS,15.7811697,"United Nations Database on Household Size and Composition, 2018"
Kenya,2003,DHS,13.99101313,"United Nations Database on Household Size and Composition, 2018"
Kenya,2009,DHS,14.8806381,"United Nations Database on Household Size and Composition, 2018"
Kenya,2014,DHS,19.29013718,"United Nations Database on Household Size and Composition, 2018"
Kenya,2015,DHS,21.60137431,"United Nations Database on Household Size and Composition, 2018"
Kyrgyzstan,1999,IPUMS,9.337902338,"United Nations Database on Household Size and Composition, 2018"
Kyrgyzstan,2009,IPUMS,8.548256687,"United Nations Database on Household Size and Composition, 2018"
Latvia,2005,N/A,25.3,Eurostat EU-SILC
Latvia,2006,N/A,25.3,Eurostat EU-SILC
Latvia,2007,N/A,26.6,Eurostat EU-SILC
Latvia,2008,N/A,28.4,Eurostat EU-SILC
Latvia,2009,N/A,29.7,Eurostat EU-SILC
Latvia,2010,N/A,29.3,Eurostat EU-SILC
Latvia,2011,N/A,30.9,Eurostat EU-SILC
Latvia,2012,N/A,30.7,Eurostat EU-SILC
Latvia,2013,N/A,30.4,Eurostat EU-SILC
Latvia,2014,N/A,32.3,Eurostat EU-SILC
Latvia,2015,N/A,31,Eurostat EU-SILC
Latvia,2016,N/A,31,Eurostat EU-SILC
Latvia,2017,N/A,33,Eurostat EU-SILC
Latvia,2018,N/A,35,Eurostat EU-SILC
Lesotho,2004,DHS,16.06067118,"United Nations Database on Household Size and Composition, 2018"
Lesotho,2009,DHS,18.72795858,"United Nations Database on Household Size and Composition, 2018"
Lesotho,2014,DHS,20.66342329,"United Nations Database on Household Size and Composition, 2018"
Liberia,2007,DHS,7.328538518,"United Nations Database on Household Size and Composition, 2018"
Liberia,2009,DHS,7.04540924,"United Nations Database on Household Size and Composition, 2018"
Liberia,2011,DHS,12.64218118,"United Nations Database on Household Size and Composition, 2018"
Liberia,2013,DHS,9.665428312,"United Nations Database on Household Size and Composition, 2018"
Liechtenstein,2010,DYB,34.1718942,"United Nations Database on Household Size and Composition, 2018"
Lithuania,2005,N/A,28.4,Eurostat EU-SILC
Lithuania,2006,N/A,28.1,Eurostat EU-SILC
Lithuania,2007,N/A,27,Eurostat EU-SILC
Lithuania,2008,N/A,30,Eurostat EU-SILC
Lithuania,2009,N/A,30.4,Eurostat EU-SILC
Lithuania,2010,N/A,32.7,Eurostat EU-SILC
Lithuania,2011,N/A,34.2,Eurostat EU-SILC
Lithuania,2012,N/A,35.2,Eurostat EU-SILC
Lithuania,2013,N/A,36.6,Eurostat EU-SILC
Lithuania,2014,N/A,36,Eurostat EU-SILC
Lithuania,2015,N/A,37.7,Eurostat EU-SILC
Lithuania,2016,N/A,38.7,Eurostat EU-SILC
Lithuania,2017,N/A,38.7,Eurostat EU-SILC
Lithuania,2018,N/A,37.7,Eurostat EU-SILC
Luxembourg,2003,N/A,29.3,Eurostat EU-SILC
Luxembourg,2004,N/A,29.3,Eurostat EU-SILC
Luxembourg,2005,N/A,29.3,Eurostat EU-SILC
Luxembourg,2006,N/A,28.9,Eurostat EU-SILC
Luxembourg,2007,N/A,28.9,Eurostat EU-SILC
Luxembourg,2008,N/A,28.9,Eurostat EU-SILC
Luxembourg,2009,N/A,28.9,Eurostat EU-SILC
Luxembourg,2010,N/A,28.9,Eurostat EU-SILC
Luxembourg,2011,N/A,28.9,Eurostat EU-SILC
Luxembourg,2012,N/A,33.3,Eurostat EU-SILC
Luxembourg,2013,N/A,32.9,Eurostat EU-SILC
Luxembourg,2014,N/A,33.3,Eurostat EU-SILC
Luxembourg,2015,N/A,33,Eurostat EU-SILC
Luxembourg,2016,N/A,27.6,Eurostat EU-SILC
Luxembourg,2017,N/A,25.7,Eurostat EU-SILC
Luxembourg,2018,N/A,33.6,Eurostat EU-SILC
Madagascar,1992,DHS,6.572123791,"United Nations Database on Household Size and Composition, 2018"
Madagascar,1997,DHS,6.680118504,"United Nations Database on Household Size and Composition, 2018"
Madagascar,2004,DHS,7.219479869,"United Nations Database on Household Size and Composition, 2018"
Madagascar,2009,DHS,7.120491551,"United Nations Database on Household Size and Composition, 2018"
Madagascar,2011,DHS,5.338500402,"United Nations Database on Household Size and Composition, 2018"
Malawi,1992,DHS,7.87060207,"United Nations Database on Household Size and Composition, 2018"
Malawi,2000,DHS,7.998310707,"United Nations Database on Household Size and Composition, 2018"
Malawi,2004,DHS,8.376442411,"United Nations Database on Household Size and Composition, 2018"
Malawi,2010,DHS,6.771263411,"United Nations Database on Household Size and Composition, 2018"
Malawi,2014,DHS,9.031598612,"United Nations Database on Household Size and Composition, 2018"
Malawi,2015,DHS,6.446656931,"United Nations Database on Household Size and Composition, 2018"
Malaysia,1970,IPUMS,8.642685064,"United Nations Database on Household Size and Composition, 2018"
Malaysia,1980,IPUMS,8.92490299,"United Nations Database on Household Size and Composition, 2018"
Malaysia,1991,IPUMS,7.61448575,"United Nations Database on Household Size and Composition, 2018"
Malaysia,2000,IPUMS,7.139491293,"United Nations Database on Household Size and Composition, 2018"
Mali,1996,DHS,5.579503837,"United Nations Database on Household Size and Composition, 2018"
Mali,2001,DHS,7.348353409,"United Nations Database on Household Size and Composition, 2018"
Mali,2006,DHS,5.038954264,"United Nations Database on Household Size and Composition, 2018"
Mali,2012,DHS,3.206061544,"United Nations Database on Household Size and Composition, 2018"
Malta,2005,N/A,18.6,Eurostat EU-SILC
Malta,2006,N/A,18.9,Eurostat EU-SILC
Malta,2007,N/A,19.6,Eurostat EU-SILC
Malta,2008,N/A,20.2,Eurostat EU-SILC
Malta,2009,N/A,20.9,Eurostat EU-SILC
Malta,2010,N/A,21.5,Eurostat EU-SILC
Malta,2011,N/A,22.1,Eurostat EU-SILC
Malta,2012,N/A,22.6,Eurostat EU-SILC
Malta,2013,N/A,23.4,Eurostat EU-SILC
Malta,2014,N/A,24.2,Eurostat EU-SILC
Malta,2015,N/A,25.2,Eurostat EU-SILC
Malta,2016,N/A,25.8,Eurostat EU-SILC
Malta,2017,N/A,26.3,Eurostat EU-SILC
Malta,2018,N/A,26.9,Eurostat EU-SILC
Mayotte,2012,DYB,14.71089508,"United Nations Database on Household Size and Composition, 2018"
Mexico,1970,IPUMS,4.316164483,"United Nations Database on Household Size and Composition, 2018"
Mexico,1990,IPUMS,4.871502415,"United Nations Database on Household Size and Composition, 2018"
Mexico,1995,IPUMS,5.794888726,"United Nations Database on Household Size and Composition, 2018"
Mexico,2000,IPUMS,6.43639734,"United Nations Database on Household Size and Composition, 2018"
Mexico,2010,IPUMS,9.42463422,"United Nations Database on Household Size and Composition, 2018"
Mexico,2015,IPUMS,10.08021791,"United Nations Database on Household Size and Composition, 2018"
Mongolia,1989,IPUMS,9.296672022,"United Nations Database on Household Size and Composition, 2018"
Mongolia,2000,IPUMS,6.606338212,"United Nations Database on Household Size and Composition, 2018"
Montenegro,2011,DYB,18.12663206,"United Nations Database on Household Size and Composition, 2018"
Morocco,1982,IPUMS,7.224319098,"United Nations Database on Household Size and Composition, 2018"
Morocco,1994,IPUMS,5.945524871,"United Nations Database on Household Size and Composition, 2018"
Morocco,2004,IPUMS,5.880234065,"United Nations Database on Household Size and Composition, 2018"
Mozambique,1997,DHS,9.601877067,"United Nations Database on Household Size and Composition, 2018"
Mozambique,2003,DHS,6.647905944,"United Nations Database on Household Size and Composition, 2018"
Mozambique,2009,DHS,9.515043252,"United Nations Database on Household Size and Composition, 2018"
Mozambique,2011,DHS,9.847700695,"United Nations Database on Household Size and Composition, 2018"
Myanmar,2016,DHS,5.354498397,"United Nations Database on Household Size and Composition, 2018"
Namibia,1992,DHS,8.636336103,"United Nations Database on Household Size and Composition, 2018"
Namibia,2000,DHS,9.395000398,"United Nations Database on Household Size and Composition, 2018"
Namibia,2007,DHS,14.46713651,"United Nations Database on Household Size and Composition, 2018"
Namibia,2013,DHS,17.44637043,"United Nations Database on Household Size and Composition, 2018"
Nepal,1996,DHS,3.190334167,"United Nations Database on Household Size and Composition, 2018"
Nepal,2001,DHS,3.97986929,"United Nations Database on Household Size and Composition, 2018"
Nepal,2006,DHS,5.045855451,"United Nations Database on Household Size and Composition, 2018"
Nepal,2011,DHS,4.894019557,"United Nations Database on Household Size and Composition, 2018"
Nepal,2016,DHS,6.447971739,"United Nations Database on Household Size and Composition, 2018"
Netherlands,2005,N/A,34.6,Eurostat EU-SILC
Netherlands,2006,N/A,35,Eurostat EU-SILC
Netherlands,2007,N/A,35.2,Eurostat EU-SILC
Netherlands,2008,N/A,35.5,Eurostat EU-SILC
Netherlands,2009,N/A,35.8,Eurostat EU-SILC
Netherlands,2010,N/A,36.1,Eurostat EU-SILC
Netherlands,2011,N/A,36.4,Eurostat EU-SILC
Netherlands,2012,N/A,36.7,Eurostat EU-SILC
Netherlands,2013,N/A,37,Eurostat EU-SILC
Netherlands,2014,N/A,36.9,Eurostat EU-SILC
Netherlands,2015,N/A,37.4,Eurostat EU-SILC
Netherlands,2016,N/A,37.8,Eurostat EU-SILC
Netherlands,2017,N/A,38.1,Eurostat EU-SILC
Netherlands,2018,N/A,38.3,Eurostat EU-SILC
New Zealand,1991,N/A,20.22908211,"NZ.Stat, New Zealand Census data"
New Zealand,1996,N/A,20.23293304,"NZ.Stat, New Zealand Census data"
New Zealand,2001,N/A,23.38380432,"NZ.Stat, New Zealand Census data"
New Zealand,2006,N/A,23.02075577,"NZ.Stat, New Zealand Census data"
New Zealand,2013,N/A,23.53930473,"NZ.Stat, New Zealand Census data"
Nicaragua,1971,IPUMS,4.209931926,"United Nations Database on Household Size and Composition, 2018"
Nicaragua,1995,IPUMS,3.813954728,"United Nations Database on Household Size and Composition, 2018"
Nicaragua,2005,IPUMS,4.58559197,"United Nations Database on Household Size and Composition, 2018"
Niger,1992,DHS,4.516281782,"United Nations Database on Household Size and Composition, 2018"
Niger,1998,DHS,4.809551946,"United Nations Database on Household Size and Composition, 2018"
Niger,2006,DHS,3.681666699,"United Nations Database on Household Size and Composition, 2018"
Niger,2012,DHS,3.192584473,"United Nations Database on Household Size and Composition, 2018"
Nigeria,1990,DHS,10.99783798,"United Nations Database on Household Size and Composition, 2018"
Nigeria,1999,DHS,11.30491763,"United Nations Database on Household Size and Composition, 2018"
Nigeria,2003,DHS,11.66963467,"United Nations Database on Household Size and Composition, 2018"
Nigeria,2008,DHS,17.78757132,"United Nations Database on Household Size and Composition, 2018"
Nigeria,2010,DHS,10.53510562,"United Nations Database on Household Size and Composition, 2018"
Nigeria,2013,DHS,15.77620659,"United Nations Database on Household Size and Composition, 2018"
Nigeria,2015,DHS,11.50747296,"United Nations Database on Household Size and Composition, 2018"
Macedonia,2010,N/A,9.7,Eurostat EU-SILC
Macedonia,2011,N/A,9.7,Eurostat EU-SILC
Macedonia,2012,N/A,9.6,Eurostat EU-SILC
Macedonia,2013,N/A,9.6,Eurostat EU-SILC
Macedonia,2014,N/A,9.7,Eurostat EU-SILC
Macedonia,2015,N/A,9.7,Eurostat EU-SILC
Macedonia,2016,N/A,9.7,Eurostat EU-SILC
Macedonia,2017,N/A,9.6,Eurostat EU-SILC
Norway,2003,N/A,40.3,Eurostat EU-SILC
Norway,2004,N/A,41.1,Eurostat EU-SILC
Norway,2005,N/A,40.9,Eurostat EU-SILC
Norway,2006,N/A,43.3,Eurostat EU-SILC
Norway,2007,N/A,43.1,Eurostat EU-SILC
Norway,2008,N/A,41.1,Eurostat EU-SILC
Norway,2009,N/A,40.9,Eurostat EU-SILC
Norway,2010,N/A,41.1,Eurostat EU-SILC
Norway,2011,N/A,41.5,Eurostat EU-SILC
Norway,2012,N/A,41.2,Eurostat EU-SILC
Norway,2013,N/A,41.3,Eurostat EU-SILC
Norway,2014,N/A,40.6,Eurostat EU-SILC
Norway,2015,N/A,44.3,Eurostat EU-SILC
Norway,2016,N/A,44.8,Eurostat EU-SILC
Norway,2017,N/A,47,Eurostat EU-SILC
Norway,2018,N/A,45.8,Eurostat EU-SILC
Pakistan,1991,DHS,2.947397578,"United Nations Database on Household Size and Composition, 2018"
Pakistan,2006,DHS,1.272279818,"United Nations Database on Household Size and Composition, 2018"
Pakistan,2013,DHS,1.079464084,"United Nations Database on Household Size and Composition, 2018"
Panama,1960,IPUMS,13.09449172,"United Nations Database on Household Size and Composition, 2018"
Panama,1970,IPUMS,12.19630709,"United Nations Database on Household Size and Composition, 2018"
Panama,1980,IPUMS,11.26521507,"United Nations Database on Household Size and Composition, 2018"
Panama,1990,IPUMS,11.70087195,"United Nations Database on Household Size and Composition, 2018"
Panama,2000,IPUMS,12.74208971,"United Nations Database on Household Size and Composition, 2018"
Panama,2010,IPUMS,14.66153913,"United Nations Database on Household Size and Composition, 2018"
Paraguay,1962,IPUMS,11.63089341,"United Nations Database on Household Size and Composition, 2018"
Paraguay,1972,IPUMS,6.208800362,"United Nations Database on Household Size and Composition, 2018"
Paraguay,1982,IPUMS,5.761969621,"United Nations Database on Household Size and Composition, 2018"
Paraguay,1992,IPUMS,7.430100303,"United Nations Database on Household Size and Composition, 2018"
Paraguay,2002,IPUMS,8.088676944,"United Nations Database on Household Size and Composition, 2018"
Peru,1991,DHS,3.049015941,"United Nations Database on Household Size and Composition, 2018"
Peru,1996,DHS,6.269220037,"United Nations Database on Household Size and Composition, 2018"
Peru,2000,DHS,8.228381981,"United Nations Database on Household Size and Composition, 2018"
Peru,2005,DHS,11.71401961,"United Nations Database on Household Size and Composition, 2018"
Peru,2007,DHS,11.71401961,"United Nations Database on Household Size and Composition, 2018"
Peru,2009,DHS,11.43541309,"United Nations Database on Household Size and Composition, 2018"
Peru,2010,DHS,13.98925341,"United Nations Database on Household Size and Composition, 2018"
Peru,2011,DHS,13.7809745,"United Nations Database on Household Size and Composition, 2018"
Peru,2012,DHS,12.90604962,"United Nations Database on Household Size and Composition, 2018"
Philippines,1993,DHS,2.77002466,"United Nations Database on Household Size and Composition, 2018"
Philippines,1998,DHS,4.074593748,"United Nations Database on Household Size and Composition, 2018"
Philippines,2003,DHS,4.144139239,"United Nations Database on Household Size and Composition, 2018"
Philippines,2008,DHS,5.250545597,"United Nations Database on Household Size and Composition, 2018"
Philippines,2013,DHS,4.967869184,"United Nations Database on Household Size and Composition, 2018"
Poland,2005,N/A,25.2,Eurostat EU-SILC
Poland,2006,N/A,25.1,Eurostat EU-SILC
Poland,2007,N/A,25.2,Eurostat EU-SILC
Poland,2008,N/A,25.3,Eurostat EU-SILC
Poland,2009,N/A,25.3,Eurostat EU-SILC
Poland,2010,N/A,25.2,Eurostat EU-SILC
Poland,2011,N/A,25.2,Eurostat EU-SILC
Poland,2012,N/A,24.4,Eurostat EU-SILC
Poland,2013,N/A,24.3,Eurostat EU-SILC
Poland,2014,N/A,24.4,Eurostat EU-SILC
Poland,2015,N/A,24.7,Eurostat EU-SILC
Poland,2016,N/A,24.8,Eurostat EU-SILC
Poland,2017,N/A,24.9,Eurostat EU-SILC
Poland,2018,N/A,25,Eurostat EU-SILC
Portugal,2004,N/A,16.6,Eurostat EU-SILC
Portugal,2005,N/A,16.6,Eurostat EU-SILC
Portugal,2006,N/A,16.7,Eurostat EU-SILC
Portugal,2007,N/A,17,Eurostat EU-SILC
Portugal,2008,N/A,17.6,Eurostat EU-SILC
Portugal,2009,N/A,17.5,Eurostat EU-SILC
Portugal,2010,N/A,17.7,Eurostat EU-SILC
Portugal,2011,N/A,19.1,Eurostat EU-SILC
Portugal,2012,N/A,19.3,Eurostat EU-SILC
Portugal,2013,N/A,20,Eurostat EU-SILC
Portugal,2014,N/A,21.4,Eurostat EU-SILC
Portugal,2015,N/A,21.8,Eurostat EU-SILC
Portugal,2016,N/A,21.8,Eurostat EU-SILC
Portugal,2017,N/A,22.4,Eurostat EU-SILC
Portugal,2018,N/A,23.1,Eurostat EU-SILC
Puerto Rico,1970,IPUMS,10.26411514,"United Nations Database on Household Size and Composition, 2018"
Puerto Rico,1980,IPUMS,12.27534602,"United Nations Database on Household Size and Composition, 2018"
Puerto Rico,1990,IPUMS,14.49140263,"United Nations Database on Household Size and Composition, 2018"
Puerto Rico,2000,IPUMS,18.42173904,"United Nations Database on Household Size and Composition, 2018"
Puerto Rico,2005,IPUMS,20.87134965,"United Nations Database on Household Size and Composition, 2018"
Puerto Rico,2010,IPUMS,23.05711871,"United Nations Database on Household Size and Composition, 2018"
South Korea,2005,DYB,19.957509,"United Nations Database on Household Size and Composition, 2018"
South Korea,2010,DYB,23.8887144,"United Nations Database on Household Size and Composition, 2018"
Moldova,2004,DYB,20.25371369,"United Nations Database on Household Size and Composition, 2018"
Romania,2007,N/A,23.3,Eurostat EU-SILC
Romania,2008,N/A,23.4,Eurostat EU-SILC
Romania,2009,N/A,24.3,Eurostat EU-SILC
Romania,2010,N/A,23.9,Eurostat EU-SILC
Romania,2011,N/A,24.8,Eurostat EU-SILC
Romania,2012,N/A,25.2,Eurostat EU-SILC
Romania,2013,N/A,26,Eurostat EU-SILC
Romania,2014,N/A,26.8,Eurostat EU-SILC
Romania,2015,N/A,28,Eurostat EU-SILC
Romania,2016,N/A,29.3,Eurostat EU-SILC
Romania,2017,N/A,29.1,Eurostat EU-SILC
Romania,2018,N/A,29.2,Eurostat EU-SILC
Russia,2002,DYB,22.27498144,"United Nations Database on Household Size and Composition, 2018"
Russia,2010,DYB,25.69390194,"United Nations Database on Household Size and Composition, 2018"
Rwanda,1992,DHS,5.34079179,"United Nations Database on Household Size and Composition, 2018"
Rwanda,2000,DHS,5.994879034,"United Nations Database on Household Size and Composition, 2018"
Rwanda,2005,DHS,6.542097526,"United Nations Database on Household Size and Composition, 2018"
Rwanda,2008,DHS,8.255909725,"United Nations Database on Household Size and Composition, 2018"
Rwanda,2010,DHS,6.539706576,"United Nations Database on Household Size and Composition, 2018"
Rwanda,2012,DHS,7.396382111,"United Nations Database on Household Size and Composition, 2018"
Rwanda,2015,DHS,8.15135476,"United Nations Database on Household Size and Composition, 2018"
Sao Tome and Principe,2012,DYB,16.81598743,"United Nations Database on Household Size and Composition, 2018"
Senegal,1993,DHS,5.158730159,"United Nations Database on Household Size and Composition, 2018"
Senegal,1997,DHS,4.362833656,"United Nations Database on Household Size and Composition, 2018"
Senegal,2005,DHS,6.589216079,"United Nations Database on Household Size and Composition, 2018"
Senegal,2006,DHS,5.29975765,"United Nations Database on Household Size and Composition, 2018"
Senegal,2008,DHS,3.884283821,"United Nations Database on Household Size and Composition, 2018"
Senegal,2011,DHS,3.431717486,"United Nations Database on Household Size and Composition, 2018"
Senegal,2013,DHS,6.465171934,"United Nations Database on Household Size and Composition, 2018"
Senegal,2014,DHS,6.380374024,"United Nations Database on Household Size and Composition, 2018"
Senegal,2015,DHS,7.22030784,"United Nations Database on Household Size and Composition, 2018"
Senegal,2016,DHS,8.378523978,"United Nations Database on Household Size and Composition, 2018"
Serbia,2013,N/A,22.2,Eurostat EU-SILC
Serbia,2014,N/A,22.3,Eurostat EU-SILC
Serbia,2015,N/A,22.3,Eurostat EU-SILC
Serbia,2016,N/A,22.3,Eurostat EU-SILC
Serbia,2017,N/A,22.4,Eurostat EU-SILC
Serbia,2018,N/A,22.3,Eurostat EU-SILC
Sierra Leone,2008,DHS,4.13401144,"United Nations Database on Household Size and Composition, 2018"
Sierra Leone,2013,DHS,3.997689256,"United Nations Database on Household Size and Composition, 2018"
Singapore,2000,DYB,8.238424636,"United Nations Database on Household Size and Composition, 2018"
Singapore,2010,DYB,12.20643675,"United Nations Database on Household Size and Composition, 2018"
Sint Maarten (Dutch part),2011,DYB,31.32876925,"United Nations Database on Household Size and Composition, 2018"
Slovakia,2005,N/A,23.6,Eurostat EU-SILC
Slovakia,2006,N/A,24.2,Eurostat EU-SILC
Slovakia,2007,N/A,24.5,Eurostat EU-SILC
Slovakia,2008,N/A,24.2,Eurostat EU-SILC
Slovakia,2009,N/A,23.8,Eurostat EU-SILC
Slovakia,2010,N/A,23.1,Eurostat EU-SILC
Slovakia,2011,N/A,24.4,Eurostat EU-SILC
Slovakia,2012,N/A,24.7,Eurostat EU-SILC
Slovakia,2013,N/A,23.5,Eurostat EU-SILC
Slovakia,2014,N/A,25.7,Eurostat EU-SILC
Slovakia,2015,N/A,23.1,Eurostat EU-SILC
Slovakia,2016,N/A,22.2,Eurostat EU-SILC
Slovakia,2017,N/A,22.3,Eurostat EU-SILC
Slovenia,2005,N/A,21.3,Eurostat EU-SILC
Slovenia,2006,N/A,20.4,Eurostat EU-SILC
Slovenia,2007,N/A,20.8,Eurostat EU-SILC
Slovenia,2008,N/A,20.8,Eurostat EU-SILC
Slovenia,2009,N/A,20.8,Eurostat EU-SILC
Slovenia,2010,N/A,27,Eurostat EU-SILC
Slovenia,2011,N/A,27.6,Eurostat EU-SILC
Slovenia,2012,N/A,28.9,Eurostat EU-SILC
Slovenia,2013,N/A,29.7,Eurostat EU-SILC
Slovenia,2014,N/A,29.2,Eurostat EU-SILC
Slovenia,2015,N/A,29.3,Eurostat EU-SILC
Slovenia,2016,N/A,30.3,Eurostat EU-SILC
Slovenia,2017,N/A,29.7,Eurostat EU-SILC
Slovenia,2018,N/A,29.6,Eurostat EU-SILC
South Africa,1996,IPUMS,16.22959344,"United Nations Database on Household Size and Composition, 2018"
South Africa,2001,IPUMS,18.5993172,"United Nations Database on Household Size and Composition, 2018"
South Africa,2007,IPUMS,18.12737212,"United Nations Database on Household Size and Composition, 2018"
South Africa,2011,IPUMS,26.80193468,"United Nations Database on Household Size and Composition, 2018"
South Sudan,2008,IPUMS,4.32781149,"United Nations Database on Household Size and Composition, 2018"
Spain,2004,N/A,23.2,Eurostat EU-SILC
Spain,2005,N/A,21.7,Eurostat EU-SILC
Spain,2006,N/A,22,Eurostat EU-SILC
Spain,2007,N/A,22,Eurostat EU-SILC
Spain,2008,N/A,22.2,Eurostat EU-SILC
Spain,2009,N/A,22.4,Eurostat EU-SILC
Spain,2010,N/A,22.6,Eurostat EU-SILC
Spain,2011,N/A,22.9,Eurostat EU-SILC
Spain,2012,N/A,23.2,Eurostat EU-SILC
Spain,2013,N/A,23.5,Eurostat EU-SILC
Spain,2014,N/A,24.6,Eurostat EU-SILC
Spain,2015,N/A,25.2,Eurostat EU-SILC
Spain,2016,N/A,25.4,Eurostat EU-SILC
Spain,2017,N/A,25.6,Eurostat EU-SILC
Spain,2018,N/A,25.5,Eurostat EU-SILC
Palestine,1997,DYB,3.306351565,"United Nations Database on Household Size and Composition, 2018"
Palestine,2007,DYB,3.532289796,"United Nations Database on Household Size and Composition, 2018"
Sudan,2008,IPUMS,5.057340875,"United Nations Database on Household Size and Composition, 2018"
Sweden,2004,N/A,41.7,Eurostat EU-SILC
Sweden,2005,N/A,41.8,Eurostat EU-SILC
Sweden,2006,N/A,41.3,Eurostat EU-SILC
Sweden,2007,N/A,39.5,Eurostat EU-SILC
Sweden,2008,N/A,40.2,Eurostat EU-SILC
Sweden,2009,N/A,43.4,Eurostat EU-SILC
Sweden,2010,N/A,41.1,Eurostat EU-SILC
Sweden,2011,N/A,40.7,Eurostat EU-SILC
Sweden,2012,N/A,40.8,Eurostat EU-SILC
Sweden,2013,N/A,41.8,Eurostat EU-SILC
Sweden,2014,N/A,41.7,Eurostat EU-SILC
Sweden,2015,N/A,41.6,Eurostat EU-SILC
Sweden,2016,N/A,41.9,Eurostat EU-SILC
Sweden,2017,N/A,41.2,Eurostat EU-SILC
Sweden,2018,N/A,42.5,Eurostat EU-SILC
Switzerland,2007,N/A,31.2,Eurostat EU-SILC
Switzerland,2008,N/A,31.1,Eurostat EU-SILC
Switzerland,2009,N/A,31.9,Eurostat EU-SILC
Switzerland,2010,N/A,31.3,Eurostat EU-SILC
Switzerland,2011,N/A,32.3,Eurostat EU-SILC
Switzerland,2012,N/A,31.9,Eurostat EU-SILC
Switzerland,2013,N/A,31.7,Eurostat EU-SILC
Switzerland,2014,N/A,36.5,Eurostat EU-SILC
Switzerland,2015,N/A,37.5,Eurostat EU-SILC
Switzerland,2016,N/A,37.8,Eurostat EU-SILC
Switzerland,2017,N/A,37.9,Eurostat EU-SILC
Switzerland,2018,N/A,38.1,Eurostat EU-SILC
Tajikistan,2012,DHS,2.959290743,"United Nations Database on Household Size and Composition, 2018"
Thailand,1970,IPUMS,3.120396266,"United Nations Database on Household Size and Composition, 2018"
Thailand,1980,IPUMS,3.841155891,"United Nations Database on Household Size and Composition, 2018"
Thailand,1990,IPUMS,5.00171926,"United Nations Database on Household Size and Composition, 2018"
Thailand,2000,IPUMS,8.698742956,"United Nations Database on Household Size and Composition, 2018"
Togo,1998,DHS,12.47817234,"United Nations Database on Household Size and Composition, 2018"
Togo,2014,DHS,15.65110089,"United Nations Database on Household Size and Composition, 2018"
Trinidad and Tobago,1970,IPUMS,14.36735875,"United Nations Database on Household Size and Composition, 2018"
Trinidad and Tobago,1980,IPUMS,14.02436454,"United Nations Database on Household Size and Composition, 2018"
Trinidad and Tobago,1990,IPUMS,13.72277155,"United Nations Database on Household Size and Composition, 2018"
Trinidad and Tobago,2000,IPUMS,15.18771331,"United Nations Database on Household Size and Composition, 2018"
Trinidad and Tobago,2011,IPUMS,19.21009515,"United Nations Database on Household Size and Composition, 2018"
Turkey,2006,N/A,6.1,Eurostat EU-SILC
Turkey,2007,N/A,6.5,Eurostat EU-SILC
Turkey,2008,N/A,6.9,Eurostat EU-SILC
Turkey,2009,N/A,7.7,Eurostat EU-SILC
Turkey,2011,N/A,7.9,Eurostat EU-SILC
Turkey,2012,N/A,8.6,Eurostat EU-SILC
Turkey,2014,N/A,13.8,Eurostat EU-SILC
Turkey,2015,N/A,14.3,Eurostat EU-SILC
Turkey,2016,N/A,14.8,Eurostat EU-SILC
Turkey,2017,N/A,15.3,Eurostat EU-SILC
Uganda,1995,DHS,10.62894836,"United Nations Database on Household Size and Composition, 2018"
Uganda,2000,DHS,11.0589633,"United Nations Database on Household Size and Composition, 2018"
Uganda,2006,DHS,10.84267703,"United Nations Database on Household Size and Composition, 2018"
Uganda,2009,DHS,11.31977307,"United Nations Database on Household Size and Composition, 2018"
Uganda,2011,DHS,11.47346109,"United Nations Database on Household Size and Composition, 2018"
Uganda,2014,DHS,11.51306933,"United Nations Database on Household Size and Composition, 2018"
Uganda,2016,DHS,13.68012832,"United Nations Database on Household Size and Composition, 2018"
United Kingdom,2005,N/A,32,Eurostat EU-SILC
United Kingdom,2006,N/A,31.2,Eurostat EU-SILC
United Kingdom,2007,N/A,31.1,Eurostat EU-SILC
United Kingdom,2008,N/A,31.1,Eurostat EU-SILC
United Kingdom,2009,N/A,30.9,Eurostat EU-SILC
United Kingdom,2010,N/A,30.9,Eurostat EU-SILC
United Kingdom,2011,N/A,31.3,Eurostat EU-SILC
United Kingdom,2012,N/A,29,Eurostat EU-SILC
United Kingdom,2013,N/A,28.5,Eurostat EU-SILC
United Kingdom,2014,N/A,28.7,Eurostat EU-SILC
United Kingdom,2015,N/A,28.7,Eurostat EU-SILC
United Kingdom,2016,N/A,29.7,Eurostat EU-SILC
United Kingdom,2017,N/A,29.9,Eurostat EU-SILC
Tanzania,1992,DHS,8.975127526,"United Nations Database on Household Size and Composition, 2018"
Tanzania,1996,DHS,8.934231506,"United Nations Database on Household Size and Composition, 2018"
Tanzania,1999,DHS,9.244577922,"United Nations Database on Household Size and Composition, 2018"
Tanzania,2004,DHS,8.831081538,"United Nations Database on Household Size and Composition, 2018"
Tanzania,2007,DHS,7.917203975,"United Nations Database on Household Size and Composition, 2018"
Tanzania,2010,DHS,8.525647089,"United Nations Database on Household Size and Composition, 2018"
Tanzania,2012,DHS,8.428410158,"United Nations Database on Household Size and Composition, 2018"
Tanzania,2015,DHS,9.632193152,"United Nations Database on Household Size and Composition, 2018"
United States,1960,N/A,13.10062695,"US Census Bureau, Current Population Survey, March and Annual Social and Economic Supplements"
United States,1961,N/A,13.27931023,"US Census Bureau, Current Population Survey, March and Annual Social and Economic Supplements"
United States,1962,N/A,13.64582539,"US Census Bureau, Current Population Survey, March and Annual Social and Economic Supplements"
United States,1963,N/A,13.571558,"US Census Bureau, Current Population Survey, March and Annual Social and Economic Supplements"
United States,1964,N/A,13.92901039,"US Census Bureau, Current Population Survey, March and Annual Social and Economic Supplements"
United States,1965,N/A,15.02716064,"US Census Bureau, Current Population Survey, March and Annual Social and Economic Supplements"
United States,1966,N/A,15.56860638,"US Census Bureau, Current Population Survey, March and Annual Social and Economic Supplements"
United States,1967,N/A,15.5310955,"US Census Bureau, Current Population Survey, March and Annual Social and Economic Supplements"
United States,1968,N/A,16.11826324,"US Census Bureau, Current Population Survey, March and Annual Social and Economic Supplements"
United States,1969,N/A,16.7181015,"US Census Bureau, Current Population Survey, March and Annual Social and Economic Supplements"
United States,1970,N/A,17.11487198,"US Census Bureau, Current Population Survey, March and Annual Social and Economic Supplements"
United States,1971,N/A,17.66957855,"US Census Bureau, Current Population Survey, March and Annual Social and Economic Supplements"
United States,1972,N/A,18.28094101,"US Census Bureau, Current Population Survey, March and Annual Social and Economic Supplements"
United States,1973,N/A,18.51254845,"US Census Bureau, Current Population Survey, March and Annual Social and Economic Supplements"
United States,1974,N/A,19.13568687,"US Census Bureau, Current Population Survey, March and Annual Social and Economic Supplements"
United States,1975,N/A,19.59926796,"US Census Bureau, Current Population Survey, March and Annual Social and Economic Supplements"
United States,1976,N/A,20.56212044,"US Census Bureau, Current Population Survey, March and Annual Social and Economic Supplements"
United States,1977,N/A,20.94898987,"US Census Bureau, Current Population Survey, March and Annual Social and Economic Supplements"
United States,1978,N/A,21.98474312,"US Census Bureau, Current Population Survey, March and Annual Social and Economic Supplements"
United States,1979,N/A,22.24363136,"US Census Bureau, Current Population Survey, March and Annual Social and Economic Supplements"
United States,1980,N/A,22.65029144,"US Census Bureau, Current Population Survey, March and Annual Social and Economic Supplements"
United States,1981,N/A,22.98950958,"US Census Bureau, Current Population Survey, March and Annual Social and Economic Supplements"
United States,1982,N/A,23.17094994,"US Census Bureau, Current Population Survey, March and Annual Social and Economic Supplements"
United States,1983,N/A,22.93906021,"US Census Bureau, Current Population Survey, March and Annual Social and Economic Supplements"
United States,1984,N/A,23.3634243,"US Census Bureau, Current Population Survey, March and Annual Social and Economic Supplements"
United States,1985,N/A,23.73803139,"US Census Bureau, Current Population Survey, March and Annual Social and Economic Supplements"
United States,1986,N/A,23.94130516,"US Census Bureau, Current Population Survey, March and Annual Social and Economic Supplements"
United States,1987,N/A,23.61224365,"US Census Bureau, Current Population Survey, March and Annual Social and Economic Supplements"
United States,1988,N/A,24.03641319,"US Census Bureau, Current Population Survey, March and Annual Social and Economic Supplements"
United States,1989,N/A,24.46191978,"US Census Bureau, Current Population Survey, March and Annual Social and Economic Supplements"
United States,1990,N/A,24.63817787,"US Census Bureau, Current Population Survey, March and Annual Social and Economic Supplements"
United States,1991,N/A,25.01272392,"US Census Bureau, Current Population Survey, March and Annual Social and Economic Supplements"
United States,1992,N/A,25.05931854,"US Census Bureau, Current Population Survey, March and Annual Social and Economic Supplements"
United States,1993,N/A,24.43116951,"US Census Bureau, Current Population Survey, March and Annual Social and Economic Supplements"
United States,1994,N/A,24.31441689,"US Census Bureau, Current Population Survey, March and Annual Social and Economic Supplements"
United States,1995,N/A,24.98434258,"US Census Bureau, Current Population Survey, March and Annual Social and Economic Supplements"
United States,1996,N/A,24.9932251,"US Census Bureau, Current Population Survey, March and Annual Social and Economic Supplements"
United States,1997,N/A,25.14601326,"US Census Bureau, Current Population Survey, March and Annual Social and Economic Supplements"
United States,1998,N/A,25.67786407,"US Census Bureau, Current Population Survey, March and Annual Social and Economic Supplements"
United States,1999,N/A,25.61372375,"US Census Bureau, Current Population Survey, March and Annual Social and Economic Supplements"
United States,2000,N/A,25.52313614,"US Census Bureau, Current Population Survey, March and Annual Social and Economic Supplements"
United States,2001,N/A,26.06714821,"US Census Bureau, Current Population Survey, March and Annual Social and Economic Supplements"
United States,2002,N/A,26.3273468,"US Census Bureau, Current Population Survey, March and Annual Social and Economic Supplements"
United States,2003,N/A,26.44817543,"US Census Bureau, Current Population Survey, March and Annual Social and Economic Supplements"
United States,2004,N/A,26.41607094,"US Census Bureau, Current Population Survey, March and Annual Social and Economic Supplements"
United States,2005,N/A,26.58920288,"US Census Bureau, Current Population Survey, March and Annual Social and Economic Supplements"
United States,2006,N/A,26.62347794,"US Census Bureau, Current Population Survey, March and Annual Social and Economic Supplements"
United States,2007,N/A,26.83538628,"US Census Bureau, Current Population Survey, March and Annual Social and Economic Supplements"
United States,2008,N/A,27.54424858,"US Census Bureau, Current Population Survey, March and Annual Social and Economic Supplements"
United States,2009,N/A,27.01547241,"US Census Bureau, Current Population Survey, March and Annual Social and Economic Supplements"
United States,2010,N/A,26.71391296,"US Census Bureau, Current Population Survey, March and Annual Social and Economic Supplements"
United States,2011,N/A,27.53341675,"US Census Bureau, Current Population Survey, March and Annual Social and Economic Supplements"
United States,2012,N/A,27.40907097,"US Census Bureau, Current Population Survey, March and Annual Social and Economic Supplements"
United States,2013,N/A,27.4132576,"US Census Bureau, Current Population Survey, March and Annual Social and Economic Supplements"
United States,2014,N/A,27.74103546,"US Census Bureau, Current Population Survey, March and Annual Social and Economic Supplements"
United States,2015,N/A,27.98526382,"US Census Bureau, Current Population Survey, March and Annual Social and Economic Supplements"
United States,2016,N/A,28.12611771,"US Census Bureau, Current Population Survey, March and Annual Social and Economic Supplements"
United States,2017,N/A,27.92812729,"US Census Bureau, Current Population Survey, March and Annual Social and Economic Supplements"
United States,2018,N/A,28.01247787,"US Census Bureau, Current Population Survey, March and Annual Social and Economic Supplements"
Uruguay,1963,IPUMS,11.21698478,"United Nations Database on Household Size and Composition, 2018"
Uruguay,1975,IPUMS,14.39234955,"United Nations Database on Household Size and Composition, 2018"
Uruguay,1985,IPUMS,14.97694251,"United Nations Database on Household Size and Composition, 2018"
Uruguay,1996,IPUMS,16.93861374,"United Nations Database on Household Size and Composition, 2018"
Uruguay,2006,IPUMS,19.77890368,"United Nations Database on Household Size and Composition, 2018"
Uruguay,2011,IPUMS,23.52356194,"United Nations Database on Household Size and Composition, 2018"
Uzbekistan,1996,DHS,5.262791517,"United Nations Database on Household Size and Composition, 2018"
Venezuela,1971,IPUMS,8.232542165,"United Nations Database on Household Size and Composition, 2018"
Venezuela,1981,IPUMS,6.813819578,"United Nations Database on Household Size and Composition, 2018"
Venezuela,1990,IPUMS,6.816226754,"United Nations Database on Household Size and Composition, 2018"
Venezuela,2001,IPUMS,7.562009966,"United Nations Database on Household Size and Composition, 2018"
Vietnam,1989,IPUMS,4.986699995,"United Nations Database on Household Size and Composition, 2018"
Vietnam,1999,IPUMS,4.356472697,"United Nations Database on Household Size and Composition, 2018"
Vietnam,2009,IPUMS,7.281823706,"United Nations Database on Household Size and Composition, 2018"
Yemen,1991,DHS,3.162343185,"United Nations Database on Household Size and Composition, 2018"
Yemen,2013,DHS,1.866618848,"United Nations Database on Household Size and Composition, 2018"
Zambia,1992,DHS,6.59172065,"United Nations Database on Household Size and Composition, 2018"
Zambia,1996,DHS,6.058426918,"United Nations Database on Household Size and Composition, 2018"
Zambia,2002,DHS,6.345220534,"United Nations Database on Household Size and Composition, 2018"
Zambia,2007,DHS,7.729479128,"United Nations Database on Household Size and Composition, 2018"
Zambia,2013,DHS,7.17199096,"United Nations Database on Household Size and Composition, 2018"
Zimbabwe,1994,DHS,13.49857286,"United Nations Database on Household Size and Composition, 2018"
Zimbabwe,1999,DHS,15.56173872,"United Nations Database on Household Size and Composition, 2018"
Zimbabwe,2005,DHS,10.15553456,"United Nations Database on Household Size and Composition, 2018"
Zimbabwe,2010,DHS,11.66068559,"United Nations Database on Household Size and Composition, 2018"
Zimbabwe,2015,DHS,12.37347575,"United Nations Database on Household Size and Composition, 2018"
OECD-32 average,2011,N/A,30.55992676,OECD
EU average,2011,N/A,30.67809149,OECD
Eurozone average,2011,N/A,30.77480446,OECD